{"type":"FeatureCollection","features":[{"type":"Feature","geometry":{"type":"Polygon","coordinates":[[[-3.709297,40.422467],[-3.705858,40.420325],[-3.706227,40.420185],[-3.708034,40.420247],[-3.707767,40.419843],[-3.707855,40.419823],[-3.70809,40.418944],[-3.708651,40.417905],[-3.70867,40.417814],[-3.708433,40.417791],[-3.708625,40.417048],[-3.708538,40.416408],[-3.708683,40.416347],[-3.708586,40.415831],[-3.70869,40.415582],[-3.708326,40.415268],[-3.707932,40.414559],[-3.708128,40.413847],[-3.708081,40.41365],[-3.707604,40.413542],[-3.707379,40.413625],[-3.707513,40.412603],[-3.708097,40.411548],[-3.710915,40.408058],[-3.711543,40.406739],[-3.713581,40.407404],[-3.716545,40.408628],[-3.716912,40.409083],[-3.718092,40.411146],[-3.716771,40.413872],[-3.722878,40.413988],[-3.722134,40.41769],[-3.721791,40.41892],[-3.721106,40.418967],[-3.720297,40.419988],[-3.720086,40.42006],[-3.719988,40.42023],[-3.715422,40.420353],[-3.712994,40.421978],[-3.712674,40.422344],[-3.710776,40.4234],[-3.709392,40.422527],[-3.709297,40.422467]]]},"properties":{"distrito_codigo":"01","distrito_nombre":"Centro","barrio_codigo":"011","barrio_nombre":"Palacio"}},{"type":"Feature","geometry":{"type":"Polygon","coordinates":[[[-3.702749,40.413932],[-3.700028,40.412887],[-3.69573,40.410702],[-3.692213,40.40921],[-3.692112,40.408968],[-3.692994,40.407907],[-3.693926,40.407362],[-3.702455,40.405069],[-3.703414,40.405095],[-3.711115,40.406572],[-3.711543,40.406739],[-3.710915,40.408058],[-3.708097,40.411548],[-3.707481,40.41267],[-3.707379,40.413625],[-3.706124,40.413991],[-3.704682,40.41391],[-3.703862,40.414304],[-3.702822,40.413957],[-3.702749,40.413932]]]},"properties":{"distrito_codigo":"01","distrito_nombre":"Centro","barrio_codigo":"012","barrio_nombre":"Embajadores"}},{"type":"Feature","geometry":{"type":"Polygon","coordinates":[[[-3.696874,40.41896],[-3.696431,40.418728],[-3.692577,40.419455],[-3.692582,40.419207],[-3.692843,40.419017],[-3.693039,40.418681],[-3.693577,40.416037],[-3.692887,40.412634],[-3.692087,40.409678],[-3.692374,40.40966],[-3.692213,40.40921],[-3.69573,40.410702],[-3.700028,40.412887],[-3.703353,40.414143],[-3.702477,40.414978],[-3.700514,40.41642],[-3.699307,40.418069],[-3.699645,40.419208],[-3.699567,40.41974],[-3.696988,40.418999],[-3.696874,40.41896]]]},"properties":{"distrito_codigo":"01","distrito_nombre":"Centro","barrio_codigo":"013","barrio_nombre":"Cortes"}},{"type":"Feature","geometry":{"type":"Polygon","coordinates":[[[-3.699329,40.428433],[-3.695682,40.427661],[-3.691867,40.425753],[-3.690386,40.425207],[-3.690505,40.424575],[-3.691593,40.422478],[-3.69279,40.419638],[-3.692577,40.419455],[-3.696431,40.418728],[-3.697025,40.419013],[-3.699934,40.419843],[-3.701558,40.420025],[-3.700892,40.421852],[-3.700649,40.422858],[-3.70059,40.424309],[-3.700683,40.42496],[-3.7009,40.425596],[-3.702304,40.42909],[-3.699446,40.428458],[-3.699329,40.428433]]]},"properties":{"distrito_codigo":"01","distrito_nombre":"Centro","barrio_codigo":"014","barrio_nombre":"Justicia"}},{"type":"Feature","geometry":{"type":"Polygon","coordinates":[[[-3.712148,40.430235],[-3.706138,40.429656],[-3.702304,40.42909],[-3.7009,40.425596],[-3.700683,40.42496],[-3.70059,40.424309],[-3.700649,40.422858],[-3.700892,40.421852],[-3.701558,40.420025],[-3.705858,40.420325],[-3.710776,40.4234],[-3.711705,40.424419],[-3.716145,40.430616],[-3.712273,40.430247],[-3.712148,40.430235]]]},"properties":{"distrito_codigo":"01","distrito_nombre":"Centro","barrio_codigo":"015","barrio_nombre":"Universidad"}},{"type":"Feature","geometry":{"type":"Polygon","coordinates":[[[-3.704073,40.420199],[-3.700934,40.420006],[-3.699567,40.41974],[-3.699645,40.419208],[-3.699307,40.418069],[-3.700514,40.41642],[-3.702477,40.414978],[-3.703353,40.414143],[-3.703862,40.414304],[-3.704682,40.41391],[-3.706276,40.413969],[-3.707604,40.413542],[-3.708081,40.41365],[-3.708128,40.413847],[-3.707932,40.414559],[-3.708326,40.415268],[-3.70869,40.415582],[-3.708586,40.415831],[-3.708683,40.416347],[-3.708538,40.416408],[-3.708625,40.417048],[-3.708433,40.417791],[-3.70867,40.417814],[-3.708651,40.417905],[-3.70809,40.418944],[-3.707855,40.419823],[-3.707767,40.419843],[-3.708034,40.420247],[-3.706227,40.420185],[-3.705858,40.420325],[-3.704177,40.420206],[-3.704073,40.420199]]]},"properties":{"distrito_codigo":"01","distrito_nombre":"Centro","barrio_codigo":"016","barrio_nombre":"Sol"}},{"type":"Feature","geometry":{"type":"Polygon","coordinates":[[[-3.714563,40.40018],[-3.714794,40.399667],[-3.715828,40.399939],[-3.716528,40.400006],[-3.719115,40.399831],[-3.719837,40.399946],[-3.720833,40.400394],[-3.721668,40.400979],[-3.722297,40.402572],[-3.722477,40.403761],[-3.722578,40.405403],[-3.72253,40.405842],[-3.721703,40.408497],[-3.722419,40.411192],[-3.722816,40.412089],[-3.722878,40.413988],[-3.716771,40.413872],[-3.718092,40.411146],[-3.718068,40.410986],[-3.716652,40.40872],[-3.713581,40.407404],[-3.711543,40.406739],[-3.714455,40.400419],[-3.714563,40.40018]]]},"properties":{"distrito_codigo":"02","distrito_nombre":"Arganzuela","barrio_codigo":"021","barrio_nombre":"Imperial"}},{"type":"Feature","geometry":{"type":"Polygon","coordinates":[[[-3.704288,40.395353],[-3.704543,40.395089],[-3.708789,40.396276],[-3.710209,40.396802],[-3.711273,40.397328],[-3.713965,40.39936],[-3.714794,40.399667],[-3.711543,40.406739],[-3.710806,40.406475],[-3.703414,40.405095],[-3.702455,40.405069],[-3.702267,40.404726],[-3.699657,40.401456],[-3.699112,40.400968],[-3.699432,40.400713],[-3.7038,40.39589],[-3.704288,40.395353]]]},"properties":{"distrito_codigo":"02","distrito_nombre":"Arganzuela","barrio_codigo":"022","barrio_nombre":"Las Acacias"}},{"type":"Feature","geometry":{"type":"Polygon","coordinates":[[[-3.697683,40.389306],[-3.698024,40.389084],[-3.70036,40.391636],[-3.702943,40.394178],[-3.704543,40.395089],[-3.699432,40.400713],[-3.699112,40.400968],[-3.699056,40.400633],[-3.698886,40.400347],[-3.694612,40.394214],[-3.694889,40.391722],[-3.695041,40.391122],[-3.697616,40.389352],[-3.697683,40.389306]]]},"properties":{"distrito_codigo":"02","distrito_nombre":"Arganzuela","barrio_codigo":"023","barrio_nombre":"La Chopera"}},{"type":"Feature","geometry":{"type":"Polygon","coordinates":[[[-3.677593,40.393307],[-3.676439,40.392405],[-3.678253,40.391002],[-3.679164,40.390074],[-3.682416,40.385212],[-3.683139,40.384416],[-3.684217,40.383891],[-3.686965,40.383366],[-3.686922,40.383314],[-3.688609,40.382861],[-3.689702,40.38235],[-3.692034,40.384136],[-3.698024,40.389084],[-3.695041,40.391122],[-3.688753,40.39321],[-3.688264,40.392331],[-3.688171,40.392484],[-3.68619,40.393161],[-3.684527,40.39416],[-3.683871,40.393016],[-3.68089,40.39464],[-3.679622,40.395113],[-3.677838,40.393519],[-3.677593,40.393307]]]},"properties":{"distrito_codigo":"02","distrito_nombre":"Arganzuela","barrio_codigo":"024","barrio_nombre":"Legazpi"}},{"type":"Feature","geometry":{"type":"Polygon","coordinates":[[[-3.694185,40.400797],[-3.685867,40.40042],[-3.685673,40.400522],[-3.679622,40.395113],[-3.68089,40.39464],[-3.683871,40.393016],[-3.684527,40.39416],[-3.68619,40.393161],[-3.688171,40.392484],[-3.688264,40.392331],[-3.688753,40.39321],[-3.695041,40.391122],[-3.694889,40.391722],[-3.694612,40.394214],[-3.698886,40.400347],[-3.699056,40.400633],[-3.699112,40.400968],[-3.698527,40.401012],[-3.694208,40.400798],[-3.694185,40.400797]]]},"properties":{"distrito_codigo":"02","distrito_nombre":"Arganzuela","barrio_codigo":"025","barrio_nombre":"Delicias"}},{"type":"Feature","geometry":{"type":"Polygon","coordinates":[[[-3.692717,40.407032],[-3.685673,40.400522],[-3.685867,40.40042],[-3.693655,40.400821],[-3.699112,40.400968],[-3.699445,40.401215],[-3.702267,40.404726],[-3.702455,40.405069],[-3.693926,40.407362],[-3.693143,40.406988],[-3.69299,40.407457],[-3.692784,40.407093],[-3.692717,40.407032]]]},"properties":{"distrito_codigo":"02","distrito_nombre":"Arganzuela","barrio_codigo":"026","barrio_nombre":"Palos de Moguer"}},{"type":"Feature","geometry":{"type":"Polygon","coordinates":[[[-3.690333,40.407773],[-3.68828,40.40647],[-3.688178,40.406279],[-3.68472,40.403182],[-3.684485,40.403312],[-3.684364,40.403186],[-3.681029,40.401933],[-3.678959,40.400961],[-3.67822,40.400297],[-3.676494,40.399294],[-3.675023,40.397958],[-3.674323,40.39704],[-3.673441,40.394433],[-3.674741,40.393681],[-3.676439,40.392405],[-3.676722,40.392572],[-3.687561,40.402201],[-3.687865,40.402613],[-3.692784,40.407093],[-3.69299,40.407457],[-3.693143,40.406988],[-3.693926,40.407362],[-3.692994,40.407907],[-3.692112,40.408968],[-3.692374,40.40966],[-3.692087,40.409678],[-3.691434,40.408537],[-3.690333,40.407773]]]},"properties":{"distrito_codigo":"02","distrito_nombre":"Arganzuela","barrio_codigo":"027","barrio_nombre":"Atocha"}},{"type":"Feature","geometry":{"type":"Polygon","coordinates":[[[-3.678335,40.407464],[-3.670981,40.406826],[-3.670113,40.406666],[-3.670173,40.406404],[-3.670755,40.405662],[-3.676494,40.399294],[-3.67822,40.400297],[-3.678959,40.400961],[-3.681029,40.401933],[-3.684364,40.403186],[-3.684485,40.403312],[-3.68472,40.403182],[-3.688178,40.406279],[-3.68828,40.40647],[-3.688672,40.406716],[-3.688591,40.40715],[-3.687125,40.406536],[-3.685711,40.406368],[-3.679333,40.407431],[-3.678728,40.407449],[-3.678335,40.407464]]]},"properties":{"distrito_codigo":"03","distrito_nombre":"Retiro","barrio_codigo":"031","barrio_nombre":"Pacífico"}},{"type":"Feature","geometry":{"type":"Polygon","coordinates":[[[-3.666585,40.403846],[-3.667452,40.401222],[-3.668423,40.399507],[-3.671038,40.396343],[-3.672051,40.395417],[-3.673441,40.394433],[-3.674323,40.39704],[-3.675023,40.397958],[-3.676494,40.399294],[-3.670755,40.405662],[-3.670173,40.406404],[-3.670113,40.406666],[-3.665343,40.406319],[-3.666416,40.404257],[-3.666585,40.403846]]]},"properties":{"distrito_codigo":"03","distrito_nombre":"Retiro","barrio_codigo":"032","barrio_nombre":"Adelfas"}},{"type":"Feature","geometry":{"type":"Polygon","coordinates":[[[-3.663879,40.408866],[-3.663747,40.408818],[-3.664868,40.406388],[-3.665282,40.406423],[-3.665343,40.406319],[-3.670113,40.406666],[-3.668915,40.421206],[-3.658733,40.418661],[-3.65896,40.417653],[-3.659364,40.416707],[-3.662918,40.410949],[-3.663998,40.408897],[-3.663879,40.408866]]]},"properties":{"distrito_codigo":"03","distrito_nombre":"Retiro","barrio_codigo":"033","barrio_nombre":"Estrella"}},{"type":"Feature","geometry":{"type":"Polygon","coordinates":[[[-3.669093,40.419078],[-3.669287,40.416542],[-3.671476,40.416679],[-3.671499,40.41639],[-3.677669,40.415467],[-3.679888,40.421653],[-3.678842,40.421692],[-3.668915,40.421206],[-3.669092,40.419096],[-3.669093,40.419078]]]},"properties":{"distrito_codigo":"03","distrito_nombre":"Retiro","barrio_codigo":"034","barrio_nombre":"Ibiza"}},{"type":"Feature","geometry":{"type":"Polygon","coordinates":[[[-3.678956,40.419045],[-3.676256,40.41145],[-3.676229,40.411186],[-3.678445,40.407986],[-3.678728,40.407449],[-3.679333,40.407431],[-3.685711,40.406368],[-3.687125,40.406536],[-3.688591,40.40715],[-3.688672,40.406716],[-3.691434,40.408537],[-3.692216,40.410004],[-3.692887,40.412634],[-3.693577,40.416037],[-3.693039,40.418681],[-3.692843,40.419017],[-3.692582,40.419207],[-3.692577,40.419455],[-3.688025,40.420122],[-3.685773,40.420608],[-3.679888,40.421653],[-3.678999,40.419167],[-3.678956,40.419045]]]},"properties":{"distrito_codigo":"03","distrito_nombre":"Retiro","barrio_codigo":"035","barrio_nombre":"Jerónimos"}},{"type":"Feature","geometry":{"type":"Polygon","coordinates":[[[-3.670045,40.407557],[-3.670113,40.406666],[-3.670981,40.406826],[-3.674943,40.407192],[-3.678728,40.407449],[-3.678445,40.407986],[-3.676229,40.411186],[-3.677669,40.415467],[-3.671499,40.41639],[-3.671476,40.416679],[-3.669287,40.416542],[-3.670042,40.407591],[-3.670045,40.407557]]]},"properties":{"distrito_codigo":"03","distrito_nombre":"Retiro","barrio_codigo":"036","barrio_nombre":"Niño Jesús"}},{"type":"Feature","geometry":{"type":"Polygon","coordinates":[[[-3.692382,40.419484],[-3.692577,40.419455],[-3.69279,40.419638],[-3.691593,40.422478],[-3.690505,40.424575],[-3.689266,40.429393],[-3.679755,40.428926],[-3.680253,40.422921],[-3.680221,40.422572],[-3.679888,40.421653],[-3.685773,40.420608],[-3.688025,40.420122],[-3.691846,40.419562],[-3.692382,40.419484]]]},"properties":{"distrito_codigo":"04","distrito_nombre":"Salamanca","barrio_codigo":"041","barrio_nombre":"Recoletos"}},{"type":"Feature","geometry":{"type":"Polygon","coordinates":[[[-3.675104,40.428687],[-3.669412,40.428428],[-3.668654,40.428102],[-3.668376,40.427502],[-3.668915,40.421206],[-3.678842,40.421692],[-3.679888,40.421653],[-3.680221,40.422572],[-3.680253,40.422921],[-3.679755,40.428926],[-3.675314,40.428696],[-3.675104,40.428687]]]},"properties":{"distrito_codigo":"04","distrito_nombre":"Salamanca","barrio_codigo":"042","barrio_nombre":"Goya"}},{"type":"Feature","geometry":{"type":"Polygon","coordinates":[[[-3.660709,40.431375],[-3.660183,40.426921],[-3.659405,40.42357],[-3.658772,40.419428],[-3.658733,40.418661],[-3.668915,40.421206],[-3.668376,40.427502],[-3.668654,40.428102],[-3.662705,40.430949],[-3.660851,40.431352],[-3.660709,40.431375]]]},"properties":{"distrito_codigo":"04","distrito_nombre":"Salamanca","barrio_codigo":"043","barrio_nombre":"Fuente del Berro"}},{"type":"Feature","geometry":{"type":"Polygon","coordinates":[[[-3.659888,40.435617],[-3.66059,40.432392],[-3.660709,40.431375],[-3.662705,40.430949],[-3.668654,40.428102],[-3.673236,40.433493],[-3.677324,40.43744],[-3.674913,40.438738],[-3.672,40.439334],[-3.670419,40.439862],[-3.664969,40.442973],[-3.66376,40.443499],[-3.66061,40.444591],[-3.659597,40.442537],[-3.659185,40.44083],[-3.659217,40.438967],[-3.659736,40.436377],[-3.659888,40.435617]]]},"properties":{"distrito_codigo":"04","distrito_nombre":"Salamanca","barrio_codigo":"044","barrio_nombre":"Guindalera"}},{"type":"Feature","geometry":{"type":"Polygon","coordinates":[[[-3.679025,40.437457],[-3.677324,40.43744],[-3.673236,40.433493],[-3.668654,40.428102],[-3.669412,40.428428],[-3.679755,40.428926],[-3.679043,40.437305],[-3.679025,40.437457]]]},"properties":{"distrito_codigo":"04","distrito_nombre":"Salamanca","barrio_codigo":"045","barrio_nombre":"Lista"}},{"type":"Feature","geometry":{"type":"Polygon","coordinates":[[[-3.686029,40.437791],[-3.679025,40.437457],[-3.679755,40.428926],[-3.689266,40.429393],[-3.688372,40.432773],[-3.688347,40.433278],[-3.688634,40.435001],[-3.688858,40.43504],[-3.688974,40.435191],[-3.688806,40.435417],[-3.690607,40.437999],[-3.68621,40.4378],[-3.686029,40.437791]]]},"properties":{"distrito_codigo":"04","distrito_nombre":"Salamanca","barrio_codigo":"046","barrio_nombre":"Castellana"}},{"type":"Feature","geometry":{"type":"Polygon","coordinates":[[[-3.677613,40.450498],[-3.679025,40.437457],[-3.690607,40.437999],[-3.691622,40.441345],[-3.691643,40.441666],[-3.690655,40.451659],[-3.690608,40.452107],[-3.685844,40.451829],[-3.677494,40.45168],[-3.677605,40.450573],[-3.677613,40.450498]]]},"properties":{"distrito_codigo":"05","distrito_nombre":"Chamartín","barrio_codigo":"051","barrio_nombre":"El Viso"}},{"type":"Feature","geometry":{"type":"Polygon","coordinates":[[[-3.661387,40.446046],[-3.66061,40.444591],[-3.66376,40.443499],[-3.664969,40.442973],[-3.669715,40.440218],[-3.670685,40.43975],[-3.672,40.439334],[-3.674913,40.438738],[-3.677324,40.43744],[-3.679025,40.437457],[-3.678615,40.441361],[-3.677037,40.442095],[-3.675789,40.442824],[-3.673929,40.444306],[-3.670006,40.446826],[-3.668463,40.447987],[-3.66636,40.449138],[-3.664841,40.450428],[-3.665531,40.452163],[-3.665503,40.452506],[-3.663171,40.45313],[-3.662817,40.450892],[-3.662414,40.449087],[-3.661483,40.446303],[-3.661387,40.446046]]]},"properties":{"distrito_codigo":"05","distrito_nombre":"Chamartín","barrio_codigo":"052","barrio_nombre":"Prosperidad"}},{"type":"Feature","geometry":{"type":"Polygon","coordinates":[[[-3.665541,40.452341],[-3.665157,40.451068],[-3.664841,40.450428],[-3.66636,40.449138],[-3.668463,40.447987],[-3.670006,40.446826],[-3.673929,40.444306],[-3.675789,40.442824],[-3.677037,40.442095],[-3.678615,40.441361],[-3.677494,40.45168],[-3.673574,40.451674],[-3.669999,40.45245],[-3.666631,40.452313],[-3.665503,40.452506],[-3.665543,40.452366],[-3.665541,40.452341]]]},"properties":{"distrito_codigo":"05","distrito_nombre":"Chamartín","barrio_codigo":"053","barrio_nombre":"Ciudad Jardín"}},{"type":"Feature","geometry":{"type":"Polygon","coordinates":[[[-3.68996,40.458666],[-3.689923,40.459038],[-3.682825,40.458597],[-3.677685,40.458717],[-3.67504,40.458548],[-3.670847,40.458464],[-3.67004,40.458578],[-3.664999,40.460019],[-3.664272,40.458413],[-3.663799,40.456997],[-3.663436,40.455304],[-3.663171,40.45313],[-3.666289,40.45234],[-3.670068,40.452444],[-3.673744,40.451663],[-3.681041,40.45169],[-3.685844,40.451829],[-3.690608,40.452107],[-3.689971,40.45855],[-3.68996,40.458666]]]},"properties":{"distrito_codigo":"05","distrito_nombre":"Chamartín","barrio_codigo":"054","barrio_nombre":"Hispanoamérica"}},{"type":"Feature","geometry":{"type":"Polygon","coordinates":[[[-3.675703,40.467574],[-3.674118,40.467171],[-3.672287,40.466483],[-3.671719,40.466162],[-3.668467,40.466672],[-3.667315,40.464634],[-3.664999,40.460019],[-3.67004,40.458578],[-3.670847,40.458464],[-3.67504,40.458548],[-3.677685,40.458717],[-3.682825,40.458597],[-3.689923,40.459038],[-3.689279,40.466015],[-3.683022,40.467329],[-3.679391,40.46763],[-3.678854,40.467505],[-3.678116,40.467531],[-3.677026,40.467804],[-3.67587,40.467623],[-3.675703,40.467574]]]},"properties":{"distrito_codigo":"05","distrito_nombre":"Chamartín","barrio_codigo":"055","barrio_nombre":"Nueva España"}},{"type":"Feature","geometry":{"type":"Polygon","coordinates":[[[-3.673602,40.482864],[-3.674387,40.478797],[-3.674466,40.477745],[-3.674312,40.476035],[-3.674019,40.474803],[-3.673503,40.47354],[-3.672838,40.472362],[-3.670063,40.468991],[-3.668467,40.466672],[-3.671719,40.466162],[-3.672287,40.466483],[-3.674118,40.467171],[-3.676261,40.467732],[-3.677026,40.467804],[-3.678116,40.467531],[-3.678854,40.467505],[-3.679391,40.46763],[-3.683022,40.467329],[-3.689279,40.466015],[-3.686186,40.477485],[-3.685187,40.480737],[-3.684989,40.481741],[-3.685155,40.482304],[-3.683986,40.48236],[-3.679876,40.483512],[-3.67744,40.483887],[-3.673478,40.484004],[-3.67357,40.483116],[-3.673602,40.482864]]]},"properties":{"distrito_codigo":"05","distrito_nombre":"Chamartín","barrio_codigo":"056","barrio_nombre":"Castilla"}},{"type":"Feature","geometry":{"type":"Polygon","coordinates":[[[-3.708008,40.456666],[-3.70489,40.456557],[-3.703008,40.454239],[-3.702798,40.45422],[-3.70384,40.446973],[-3.704473,40.446898],[-3.70826,40.44711],[-3.711681,40.452453],[-3.712064,40.452489],[-3.713201,40.453064],[-3.712598,40.453969],[-3.713074,40.455071],[-3.711535,40.457365],[-3.711137,40.457464],[-3.710913,40.457648],[-3.710507,40.457666],[-3.709455,40.45707],[-3.708026,40.45667],[-3.708008,40.456666]]]},"properties":{"distrito_codigo":"06","distrito_nombre":"Tetuán","barrio_codigo":"061","barrio_nombre":"Bellas Vistas"}},{"type":"Feature","geometry":{"type":"Polygon","coordinates":[[[-3.699821,40.457146],[-3.697091,40.456543],[-3.690211,40.456149],[-3.691178,40.446233],[-3.703215,40.446832],[-3.70384,40.446973],[-3.703814,40.447352],[-3.702607,40.455133],[-3.70206,40.456435],[-3.701373,40.4575],[-3.699872,40.457157],[-3.699821,40.457146]]]},"properties":{"distrito_codigo":"06","distrito_nombre":"Tetuán","barrio_codigo":"062","barrio_nombre":"Cuatro Caminos"}},{"type":"Feature","geometry":{"type":"Polygon","coordinates":[[[-3.68989,40.45941],[-3.690211,40.456149],[-3.697091,40.456543],[-3.701373,40.4575],[-3.700351,40.45872],[-3.699115,40.459767],[-3.69831,40.460606],[-3.697451,40.462296],[-3.695632,40.464292],[-3.692812,40.465271],[-3.690741,40.465563],[-3.689279,40.466015],[-3.689864,40.459651],[-3.68989,40.45941]]]},"properties":{"distrito_codigo":"06","distrito_nombre":"Tetuán","barrio_codigo":"063","barrio_nombre":"Castillejos"}},{"type":"Feature","geometry":{"type":"Polygon","coordinates":[[[-3.698151,40.474618],[-3.69737,40.474557],[-3.695908,40.474813],[-3.694629,40.474591],[-3.693916,40.474576],[-3.692439,40.47474],[-3.690927,40.474511],[-3.689339,40.474732],[-3.688741,40.474395],[-3.687044,40.474188],[-3.689279,40.466015],[-3.690741,40.465563],[-3.69274,40.46529],[-3.69443,40.464721],[-3.6956,40.465603],[-3.69633,40.466483],[-3.697645,40.467809],[-3.698499,40.468425],[-3.699471,40.469713],[-3.702062,40.471097],[-3.701958,40.472244],[-3.701971,40.473803],[-3.701396,40.474342],[-3.700811,40.474745],[-3.699769,40.475001],[-3.698836,40.474896],[-3.698197,40.474637],[-3.698151,40.474618]]]},"properties":{"distrito_codigo":"06","distrito_nombre":"Tetuán","barrio_codigo":"064","barrio_nombre":"Almenara"}},{"type":"Feature","geometry":{"type":"Polygon","coordinates":[[[-3.695815,40.464128],[-3.697451,40.462296],[-3.69829,40.460635],[-3.699528,40.461209],[-3.704074,40.46364],[-3.705325,40.464048],[-3.705331,40.46389],[-3.705607,40.463609],[-3.706561,40.463705],[-3.70707,40.463437],[-3.708299,40.462146],[-3.709006,40.463491],[-3.709281,40.464337],[-3.710711,40.465913],[-3.711453,40.466412],[-3.713148,40.468592],[-3.712811,40.469146],[-3.712394,40.47031],[-3.712079,40.470671],[-3.711335,40.471131],[-3.710847,40.471263],[-3.705078,40.471821],[-3.70421,40.471983],[-3.703571,40.472341],[-3.701971,40.473803],[-3.701958,40.472244],[-3.702062,40.471097],[-3.699471,40.469713],[-3.698499,40.468425],[-3.697645,40.467809],[-3.69633,40.466483],[-3.6956,40.465603],[-3.694495,40.464834],[-3.69443,40.464721],[-3.695587,40.464316],[-3.695776,40.464164],[-3.695815,40.464128]]]},"properties":{"distrito_codigo":"06","distrito_nombre":"Tetuán","barrio_codigo":"065","barrio_nombre":"Valdeacederas"}},{"type":"Feature","geometry":{"type":"Polygon","coordinates":[[[-3.704027,40.463616],[-3.699528,40.461209],[-3.69829,40.460635],[-3.699115,40.459767],[-3.700351,40.45872],[-3.701154,40.457814],[-3.70206,40.456435],[-3.702607,40.455133],[-3.702798,40.45422],[-3.703008,40.454239],[-3.70489,40.456557],[-3.708008,40.456666],[-3.709455,40.45707],[-3.710545,40.457674],[-3.710959,40.457634],[-3.711137,40.457464],[-3.711535,40.457365],[-3.708508,40.461726],[-3.708299,40.462146],[-3.707282,40.463278],[-3.706584,40.463701],[-3.705607,40.463609],[-3.705331,40.46389],[-3.705325,40.464048],[-3.704074,40.46364],[-3.704027,40.463616]]]},"properties":{"distrito_codigo":"06","distrito_nombre":"Tetuán","barrio_codigo":"066","barrio_nombre":"Berruguete"}},{"type":"Feature","geometry":{"type":"Polygon","coordinates":[[[-3.711489,40.433229],[-3.711736,40.430371],[-3.711835,40.430203],[-3.716145,40.430616],[-3.717863,40.433001],[-3.717237,40.433127],[-3.717257,40.433262],[-3.718298,40.434809],[-3.717598,40.439009],[-3.71748,40.439215],[-3.711037,40.438925],[-3.711466,40.43351],[-3.711489,40.433229]]]},"properties":{"distrito_codigo":"07","distrito_nombre":"Chamberí","barrio_codigo":"071","barrio_nombre":"Gaztambide"}},{"type":"Feature","geometry":{"type":"Polygon","coordinates":[[[-3.705466,40.430259],[-3.705707,40.429598],[-3.711835,40.430203],[-3.711736,40.430371],[-3.711037,40.438925],[-3.704119,40.43867],[-3.704245,40.434067],[-3.704165,40.433615],[-3.704383,40.433221],[-3.705442,40.43032],[-3.705466,40.430259]]]},"properties":{"distrito_codigo":"07","distrito_nombre":"Chamberí","barrio_codigo":"072","barrio_nombre":"Arapiles"}},{"type":"Feature","geometry":{"type":"Polygon","coordinates":[[[-3.696131,40.429147],[-3.695696,40.42814],[-3.695455,40.42792],[-3.695534,40.427735],[-3.695806,40.42765],[-3.69608,40.4278],[-3.696288,40.427772],[-3.701984,40.429042],[-3.705707,40.429598],[-3.704383,40.433221],[-3.704165,40.433615],[-3.704245,40.434067],[-3.704119,40.43867],[-3.700202,40.438496],[-3.69619,40.429285],[-3.696131,40.429147]]]},"properties":{"distrito_codigo":"07","distrito_nombre":"Chamberí","barrio_codigo":"073","barrio_nombre":"Trafalgar"}},{"type":"Feature","geometry":{"type":"Polygon","coordinates":[[[-3.688634,40.435001],[-3.688343,40.432914],[-3.690386,40.425207],[-3.691867,40.425753],[-3.695682,40.427661],[-3.695492,40.427782],[-3.695464,40.427961],[-3.695696,40.42814],[-3.700202,40.438496],[-3.690607,40.437999],[-3.688806,40.435417],[-3.688957,40.435295],[-3.688948,40.435122],[-3.688681,40.434997],[-3.688634,40.435001]]]},"properties":{"distrito_codigo":"07","distrito_nombre":"Chamberí","barrio_codigo":"074","barrio_nombre":"Almagro"}},{"type":"Feature","geometry":{"type":"Polygon","coordinates":[[[-3.698789,40.446603],[-3.691178,40.446233],[-3.691622,40.441345],[-3.690607,40.437999],[-3.704119,40.43867],[-3.70384,40.446973],[-3.703215,40.446832],[-3.698907,40.446609],[-3.698789,40.446603]]]},"properties":{"distrito_codigo":"07","distrito_nombre":"Chamberí","barrio_codigo":"075","barrio_nombre":"Ríos Rosas"}},{"type":"Feature","geometry":{"type":"Polygon","coordinates":[[[-3.704376,40.446895],[-3.70384,40.446973],[-3.704119,40.43867],[-3.71748,40.439215],[-3.717649,40.440165],[-3.719366,40.443344],[-3.719689,40.44372],[-3.719856,40.444969],[-3.71973,40.44517],[-3.719333,40.445344],[-3.719239,40.445643],[-3.718084,40.446743],[-3.7171,40.446657],[-3.714864,40.445833],[-3.71471,40.445673],[-3.714551,40.445803],[-3.71357,40.446063],[-3.709079,40.447138],[-3.704403,40.446896],[-3.704376,40.446895]]]},"properties":{"distrito_codigo":"07","distrito_nombre":"Chamberí","barrio_codigo":"076","barrio_nombre":"Vallehermoso"}},{"type":"Feature","geometry":{"type":"Polygon","coordinates":[[[-3.645824,40.639182],[-3.644449,40.638025],[-3.642344,40.638087],[-3.640125,40.638488],[-3.6388,40.638403],[-3.637635,40.637703],[-3.63733,40.637428],[-3.636715,40.636726],[-3.63622,40.635076],[-3.634588,40.633533],[-3.632883,40.63065],[-3.630839,40.628865],[-3.630105,40.628336],[-3.629631,40.627367],[-3.629564,40.626811],[-3.630153,40.625845],[-3.628764,40.622346],[-3.629414,40.620616],[-3.628552,40.61937],[-3.628517,40.618124],[-3.62814,40.617583],[-3.626842,40.616883],[-3.623779,40.616513],[-3.622567,40.615982],[-3.621775,40.615211],[-3.620408,40.612641],[-3.61968,40.611953],[-3.617914,40.611281],[-3.61776,40.610201],[-3.61822,40.609032],[-3.616671,40.606995],[-3.616916,40.606432],[-3.617007,40.605785],[-3.616658,40.604297],[-3.616041,40.602995],[-3.616473,40.602112],[-3.616267,40.601535],[-3.615252,40.600678],[-3.614322,40.600593],[-3.612967,40.599906],[-3.611659,40.599509],[-3.61055,40.598762],[-3.608752,40.598452],[-3.607871,40.597554],[-3.606853,40.596797],[-3.605251,40.596458],[-3.604632,40.595796],[-3.604827,40.595169],[-3.604731,40.5943],[-3.603231,40.592976],[-3.601829,40.59237],[-3.601704,40.591992],[-3.601899,40.59096],[-3.602205,40.590171],[-3.602891,40.589018],[-3.603272,40.588758],[-3.604203,40.588414],[-3.604975,40.587781],[-3.60625,40.585183],[-3.611807,40.581918],[-3.61627,40.58049],[-3.621221,40.576592],[-3.622012,40.575831],[-3.624913,40.573609],[-3.626212,40.573525],[-3.627834,40.573596],[-3.628682,40.573785],[-3.63101,40.574882],[-3.632425,40.574522],[-3.634287,40.574461],[-3.637104,40.574764],[-3.640053,40.575291],[-3.641298,40.575742],[-3.642581,40.576458],[-3.643305,40.576615],[-3.644714,40.576872],[-3.6474,40.576946],[-3.650082,40.577316],[-3.650938,40.578088],[-3.652672,40.581105],[-3.654387,40.586077],[-3.655208,40.587719],[-3.65616,40.588871],[-3.658865,40.59053],[-3.660311,40.591675],[-3.6617,40.592102],[-3.662602,40.592261],[-3.665174,40.592321],[-3.666938,40.592158],[-3.66744,40.592006],[-3.671964,40.589905],[-3.681198,40.585349],[-3.684188,40.583664],[-3.685796,40.582873],[-3.687077,40.582545],[-3.688565,40.582556],[-3.690498,40.581017],[-3.691544,40.580511],[-3.69233,40.580266],[-3.69411,40.579867],[-3.695755,40.579623],[-3.69933,40.578605],[-3.710145,40.57853],[-3.711143,40.573527],[-3.711777,40.572119],[-3.715711,40.566425],[-3.716005,40.565465],[-3.715917,40.563808],[-3.715515,40.562809],[-3.715096,40.561262],[-3.712672,40.554087],[-3.712195,40.552429],[-3.710221,40.546981],[-3.708382,40.543249],[-3.707812,40.542293],[-3.706842,40.540889],[-3.705221,40.539635],[-3.707679,40.536636],[-3.708793,40.535458],[-3.711791,40.532781],[-3.720974,40.529596],[-3.725781,40.527768],[-3.727325,40.527031],[-3.728471,40.525168],[-3.728746,40.524509],[-3.729724,40.523056],[-3.731409,40.522949],[-3.732462,40.522738],[-3.739399,40.513886],[-3.739566,40.513324],[-3.739955,40.513197],[-3.740161,40.513008],[-3.740293,40.512661],[-3.740379,40.511545],[-3.741127,40.510359],[-3.741727,40.509662],[-3.742083,40.509024],[-3.735091,40.506778],[-3.73439,40.507774],[-3.733001,40.507144],[-3.733077,40.506353],[-3.732784,40.506248],[-3.732404,40.505284],[-3.732207,40.503888],[-3.732579,40.503475],[-3.734452,40.502057],[-3.736206,40.497171],[-3.739095,40.491369],[-3.739749,40.49055],[-3.742123,40.488426],[-3.743167,40.486714],[-3.744303,40.485497],[-3.745395,40.483578],[-3.744798,40.482709],[-3.741581,40.481078],[-3.746531,40.477961],[-3.746719,40.477912],[-3.747248,40.478226],[-3.748585,40.478448],[-3.750607,40.478509],[-3.751285,40.478439],[-3.752865,40.477703],[-3.754241,40.476719],[-3.754281,40.477426],[-3.75508,40.477194],[-3.755779,40.476653],[-3.756273,40.475871],[-3.755841,40.478481],[-3.757609,40.478601],[-3.758176,40.474335],[-3.758236,40.473618],[-3.758168,40.473305],[-3.75951,40.472835],[-3.76034,40.472659],[-3.761833,40.472547],[-3.763027,40.472641],[-3.764561,40.472969],[-3.768173,40.473988],[-3.769859,40.47426],[-3.772002,40.474384],[-3.778055,40.474416],[-3.780142,40.474282],[-3.780796,40.474846],[-3.785908,40.473358],[-3.785754,40.473085],[-3.790061,40.471878],[-3.792212,40.470789],[-3.794271,40.470111],[-3.797747,40.469402],[-3.799227,40.469307],[-3.800069,40.469128],[-3.800239,40.469298],[-3.809936,40.472134],[-3.836557,40.4796],[-3.836343,40.480708],[-3.836478,40.480964],[-3.836231,40.48133],[-3.836166,40.481694],[-3.835832,40.482137],[-3.835014,40.482586],[-3.834114,40.484121],[-3.833519,40.485494],[-3.833226,40.485918],[-3.833105,40.487634],[-3.83332,40.489677],[-3.833635,40.490777],[-3.834137,40.491864],[-3.834366,40.494062],[-3.835618,40.495271],[-3.837778,40.497787],[-3.83931,40.499393],[-3.838577,40.502763],[-3.837788,40.503922],[-3.837018,40.5059],[-3.849123,40.508988],[-3.849642,40.508839],[-3.85215,40.509536],[-3.8525,40.509753],[-3.852489,40.509943],[-3.853601,40.511444],[-3.853932,40.512036],[-3.853283,40.514569],[-3.852174,40.515503],[-3.851818,40.516794],[-3.85156,40.517032],[-3.851254,40.517671],[-3.851713,40.518277],[-3.853165,40.519442],[-3.85435,40.521378],[-3.85429,40.522765],[-3.854181,40.523036],[-3.85417,40.52498],[-3.854714,40.525523],[-3.854923,40.525598],[-3.856137,40.526934],[-3.857701,40.527917],[-3.857761,40.528356],[-3.858275,40.529574],[-3.858047,40.530062],[-3.859556,40.53144],[-3.860482,40.532835],[-3.862918,40.534672],[-3.863763,40.537548],[-3.863817,40.539244],[-3.864209,40.539734],[-3.865071,40.542105],[-3.865468,40.542506],[-3.865619,40.543449],[-3.866977,40.545194],[-3.869357,40.547421],[-3.868969,40.548275],[-3.87065,40.551044],[-3.871943,40.552141],[-3.872615,40.553167],[-3.873004,40.554709],[-3.872913,40.555336],[-3.873722,40.557518],[-3.873999,40.557743],[-3.875066,40.558141],[-3.875352,40.558832],[-3.878787,40.559565],[-3.881989,40.559624],[-3.883971,40.560435],[-3.884681,40.560812],[-3.884896,40.561067],[-3.884786,40.561827],[-3.883821,40.563115],[-3.883724,40.563841],[-3.886989,40.56643],[-3.887832,40.56824],[-3.887881,40.568874],[-3.888855,40.57089],[-3.888307,40.572234],[-3.885696,40.574114],[-3.885128,40.57527],[-3.884231,40.577559],[-3.88369,40.57932],[-3.883721,40.580247],[-3.883911,40.580484],[-3.884105,40.581223],[-3.883404,40.582554],[-3.883728,40.583282],[-3.883595,40.585282],[-3.883444,40.585275],[-3.879859,40.587075],[-3.878196,40.58806],[-3.876761,40.588645],[-3.876056,40.589269],[-3.876114,40.589986],[-3.873849,40.591164],[-3.872014,40.591347],[-3.868586,40.592048],[-3.867211,40.592142],[-3.86594,40.591834],[-3.865354,40.591311],[-3.8648,40.590433],[-3.863451,40.589528],[-3.861064,40.588846],[-3.859848,40.588227],[-3.858,40.587959],[-3.855349,40.58827],[-3.854859,40.588059],[-3.854071,40.58847],[-3.853674,40.58882],[-3.8529,40.589068],[-3.850436,40.590298],[-3.849236,40.590774],[-3.848787,40.59092],[-3.848041,40.590953],[-3.845708,40.591337],[-3.844158,40.592108],[-3.842958,40.592471],[-3.841583,40.59267],[-3.840361,40.592385],[-3.837641,40.591337],[-3.836594,40.59158],[-3.835355,40.592101],[-3.83326,40.593517],[-3.831764,40.593867],[-3.830023,40.594041],[-3.827727,40.594676],[-3.826368,40.594738],[-3.822728,40.594521],[-3.820214,40.595001],[-3.816095,40.594968],[-3.814354,40.595393],[-3.813846,40.596126],[-3.812501,40.596845],[-3.805966,40.599868],[-3.8093,40.605055],[-3.80978,40.605942],[-3.809656,40.606018],[-3.809997,40.606622],[-3.810519,40.606999],[-3.811409,40.607293],[-3.812431,40.607983],[-3.812734,40.608289],[-3.811432,40.608744],[-3.810765,40.609416],[-3.810191,40.609514],[-3.809951,40.609463],[-3.809662,40.609847],[-3.809468,40.609889],[-3.809334,40.609877],[-3.809142,40.609385],[-3.808897,40.609281],[-3.807362,40.609206],[-3.806122,40.609514],[-3.805973,40.609264],[-3.806297,40.608657],[-3.806161,40.60806],[-3.806031,40.607932],[-3.80497,40.607276],[-3.804203,40.60698],[-3.802177,40.606304],[-3.801588,40.606302],[-3.800398,40.605866],[-3.800227,40.604851],[-3.803482,40.599017],[-3.803265,40.598888],[-3.801022,40.598938],[-3.799086,40.598512],[-3.797235,40.599719],[-3.796684,40.599918],[-3.794952,40.59992],[-3.789817,40.599007],[-3.789028,40.599125],[-3.786359,40.600404],[-3.785068,40.600475],[-3.783485,40.601785],[-3.782876,40.601764],[-3.782413,40.601568],[-3.781626,40.600867],[-3.779851,40.601186],[-3.778845,40.601751],[-3.778177,40.60179],[-3.774229,40.600554],[-3.768038,40.599652],[-3.765215,40.598416],[-3.764118,40.598329],[-3.759656,40.597036],[-3.758302,40.596133],[-3.757208,40.596094],[-3.753684,40.59484],[-3.752864,40.594772],[-3.752421,40.594568],[-3.752147,40.594427],[-3.750032,40.592487],[-3.749123,40.59276],[-3.745657,40.592242],[-3.745211,40.59188],[-3.740727,40.590653],[-3.739542,40.589304],[-3.739068,40.588074],[-3.738605,40.587171],[-3.738084,40.586477],[-3.737136,40.586122],[-3.735685,40.585761],[-3.733454,40.585363],[-3.731982,40.585406],[-3.729905,40.585185],[-3.728176,40.584559],[-3.721365,40.582609],[-3.720607,40.582213],[-3.719347,40.582108],[-3.717142,40.582899],[-3.714457,40.58266],[-3.712911,40.583301],[-3.711459,40.583107],[-3.710752,40.583126],[-3.708498,40.583526],[-3.707796,40.583764],[-3.707542,40.583157],[-3.705308,40.582987],[-3.705296,40.584704],[-3.704746,40.584917],[-3.702013,40.586882],[-3.696386,40.58977],[-3.696184,40.589948],[-3.691831,40.597526],[-3.690554,40.601289],[-3.687409,40.606709],[-3.684921,40.608674],[-3.679576,40.610927],[-3.678789,40.61164],[-3.674614,40.616355],[-3.673922,40.616709],[-3.671163,40.617477],[-3.66671,40.619643],[-3.666447,40.620118],[-3.666945,40.622588],[-3.667217,40.623414],[-3.668425,40.625986],[-3.668493,40.627026],[-3.668302,40.62886],[-3.667254,40.631051],[-3.665434,40.634046],[-3.664314,40.635533],[-3.662189,40.637919],[-3.661689,40.639427],[-3.658172,40.642181],[-3.656043,40.642969],[-3.655836,40.643255],[-3.655594,40.64334],[-3.651969,40.642667],[-3.648676,40.64147],[-3.648423,40.641267],[-3.645824,40.639182]]]},"properties":{"distrito_codigo":"08","distrito_nombre":"Fuencarral-El Pardo","barrio_codigo":"081","barrio_nombre":"El Pardo"}},{"type":"Feature","geometry":{"type":"Polygon","coordinates":[[[-3.737739,40.479814],[-3.73795,40.479807],[-3.739215,40.478522],[-3.738282,40.476107],[-3.737416,40.474392],[-3.736217,40.474201],[-3.735712,40.47335],[-3.735528,40.473211],[-3.735564,40.473023],[-3.740049,40.474094],[-3.74125,40.474288],[-3.745947,40.474414],[-3.747995,40.474343],[-3.749183,40.473932],[-3.749999,40.473275],[-3.750014,40.473452],[-3.750385,40.472959],[-3.750662,40.472011],[-3.75031,40.470202],[-3.750398,40.470169],[-3.751376,40.473609],[-3.751663,40.475496],[-3.751668,40.476472],[-3.75142,40.478385],[-3.750607,40.478509],[-3.748585,40.478448],[-3.747248,40.478226],[-3.746719,40.477912],[-3.746531,40.477961],[-3.741581,40.481078],[-3.744798,40.482709],[-3.745395,40.483578],[-3.744303,40.485497],[-3.743167,40.486714],[-3.742123,40.488426],[-3.739749,40.49055],[-3.739095,40.491369],[-3.73823,40.493144],[-3.734742,40.492827],[-3.734971,40.492528],[-3.734886,40.491847],[-3.733461,40.490134],[-3.733708,40.489468],[-3.734014,40.489138],[-3.734832,40.488587],[-3.735436,40.487888],[-3.735587,40.486958],[-3.73539,40.486457],[-3.73464,40.485818],[-3.73474,40.485542],[-3.735458,40.485289],[-3.735802,40.484965],[-3.735914,40.483686],[-3.736417,40.481769],[-3.736983,40.480597],[-3.737356,40.480073],[-3.737683,40.479831],[-3.737739,40.479814]]]},"properties":{"distrito_codigo":"08","distrito_nombre":"Fuencarral-El Pardo","barrio_codigo":"082","barrio_nombre":"Fuentelarreina"}},{"type":"Feature","geometry":{"type":"Polygon","coordinates":[[[-3.729845,40.486341],[-3.727487,40.485526],[-3.722653,40.485507],[-3.716782,40.485721],[-3.716673,40.485584],[-3.716474,40.485542],[-3.716066,40.484705],[-3.715515,40.484055],[-3.715057,40.483664],[-3.714131,40.483156],[-3.713807,40.482494],[-3.713628,40.482544],[-3.713322,40.481893],[-3.713198,40.481839],[-3.712521,40.480318],[-3.716358,40.478855],[-3.716274,40.478725],[-3.716247,40.477257],[-3.716159,40.476879],[-3.714956,40.473292],[-3.714412,40.469866],[-3.714228,40.469775],[-3.714203,40.469605],[-3.71433,40.469493],[-3.714533,40.469482],[-3.714696,40.46961],[-3.714664,40.46978],[-3.715107,40.46991],[-3.725769,40.472608],[-3.727262,40.472472],[-3.728082,40.47271],[-3.727976,40.472864],[-3.730054,40.472593],[-3.731692,40.472554],[-3.733759,40.472712],[-3.735564,40.473023],[-3.735528,40.473211],[-3.735712,40.47335],[-3.736217,40.474201],[-3.737416,40.474392],[-3.738282,40.476107],[-3.739215,40.478522],[-3.73795,40.479807],[-3.7376,40.479866],[-3.737356,40.480073],[-3.736637,40.481204],[-3.735914,40.483686],[-3.735802,40.484965],[-3.735458,40.485289],[-3.73474,40.485542],[-3.734705,40.485755],[-3.734494,40.485883],[-3.734202,40.485857],[-3.734033,40.485685],[-3.730848,40.486437],[-3.730519,40.486294],[-3.730197,40.486457],[-3.729845,40.486341]]]},"properties":{"distrito_codigo":"08","distrito_nombre":"Fuencarral-El Pardo","barrio_codigo":"083","barrio_nombre":"Peña Grande"}},{"type":"Feature","geometry":{"type":"Polygon","coordinates":[[[-3.705414,40.482732],[-3.704932,40.481628],[-3.702414,40.474562],[-3.702186,40.473989],[-3.701971,40.473803],[-3.703571,40.472341],[-3.704351,40.47194],[-3.710361,40.471325],[-3.711335,40.471131],[-3.712079,40.470671],[-3.712394,40.47031],[-3.712811,40.469146],[-3.713148,40.468592],[-3.713782,40.469244],[-3.714301,40.469506],[-3.714191,40.469697],[-3.714412,40.469866],[-3.714956,40.473292],[-3.716247,40.477257],[-3.716274,40.478725],[-3.716358,40.478855],[-3.712521,40.480318],[-3.713198,40.481839],[-3.713322,40.481893],[-3.713628,40.482544],[-3.713807,40.482494],[-3.714131,40.483156],[-3.71306,40.483383],[-3.712295,40.483671],[-3.709032,40.485747],[-3.708912,40.48547],[-3.708513,40.485088],[-3.706025,40.483436],[-3.705467,40.482825],[-3.705414,40.482732]]]},"properties":{"distrito_codigo":"08","distrito_nombre":"Fuencarral-El Pardo","barrio_codigo":"084","barrio_nombre":"El Pilar"}},{"type":"Feature","geometry":{"type":"Polygon","coordinates":[[[-3.693885,40.485734],[-3.692815,40.485538],[-3.691638,40.484885],[-3.688068,40.483399],[-3.685765,40.482772],[-3.68528,40.482463],[-3.685083,40.482187],[-3.685,40.481583],[-3.685187,40.480737],[-3.686186,40.477485],[-3.687044,40.474188],[-3.688741,40.474395],[-3.689339,40.474732],[-3.691178,40.47451],[-3.692439,40.47474],[-3.694098,40.47457],[-3.695908,40.474813],[-3.697655,40.474541],[-3.698151,40.474618],[-3.698836,40.474896],[-3.699769,40.475001],[-3.700811,40.474745],[-3.701127,40.474566],[-3.701971,40.473803],[-3.702186,40.473989],[-3.702414,40.474562],[-3.704932,40.481628],[-3.705467,40.482825],[-3.706025,40.483436],[-3.708513,40.485088],[-3.708912,40.48547],[-3.709032,40.485747],[-3.708249,40.486338],[-3.707415,40.48673],[-3.703397,40.48793],[-3.702736,40.488211],[-3.701074,40.489206],[-3.698061,40.490128],[-3.697531,40.48844],[-3.696823,40.487458],[-3.69561,40.486501],[-3.694059,40.485797],[-3.693885,40.485734]]]},"properties":{"distrito_codigo":"08","distrito_nombre":"Fuencarral-El Pardo","barrio_codigo":"085","barrio_nombre":"La Paz"}},{"type":"Feature","geometry":{"type":"Polygon","coordinates":[[[-3.657813,40.511475],[-3.657211,40.512027],[-3.657719,40.511142],[-3.658029,40.510125],[-3.658125,40.508854],[-3.657968,40.5056],[-3.658149,40.504544],[-3.658566,40.503627],[-3.659567,40.502246],[-3.661776,40.499635],[-3.66256,40.498842],[-3.670436,40.492497],[-3.671572,40.4913],[-3.672338,40.489949],[-3.672782,40.488473],[-3.673028,40.486866],[-3.673272,40.484013],[-3.67744,40.483887],[-3.678504,40.483772],[-3.680686,40.483313],[-3.683986,40.48236],[-3.685155,40.482304],[-3.685765,40.482772],[-3.688068,40.483399],[-3.691638,40.484885],[-3.692815,40.485538],[-3.693375,40.48569],[-3.693717,40.485673],[-3.694579,40.486007],[-3.695887,40.486667],[-3.696823,40.487458],[-3.697411,40.488214],[-3.697706,40.488857],[-3.6986,40.49244],[-3.699167,40.493297],[-3.700326,40.494624],[-3.700686,40.495395],[-3.700754,40.496198],[-3.70061,40.496872],[-3.700184,40.497686],[-3.6997,40.498344],[-3.699276,40.498764],[-3.697606,40.499878],[-3.696934,40.500453],[-3.690083,40.508597],[-3.689215,40.509391],[-3.688469,40.509874],[-3.686839,40.510661],[-3.686112,40.5105],[-3.685577,40.510581],[-3.683873,40.511859],[-3.682935,40.512334],[-3.674971,40.514278],[-3.668817,40.516986],[-3.666108,40.518836],[-3.662872,40.520071],[-3.66278,40.520042],[-3.661377,40.517275],[-3.659068,40.513602],[-3.658509,40.511678],[-3.658079,40.511552],[-3.657813,40.511475]]]},"properties":{"distrito_codigo":"08","distrito_nombre":"Fuencarral-El Pardo","barrio_codigo":"086","barrio_nombre":"Valverde"}},{"type":"Feature","geometry":{"type":"Polygon","coordinates":[[[-3.7265,40.508202],[-3.725623,40.507495],[-3.724334,40.506778],[-3.722737,40.506595],[-3.721086,40.506232],[-3.717745,40.504676],[-3.713435,40.503273],[-3.713377,40.503074],[-3.713155,40.502958],[-3.712868,40.503],[-3.712709,40.50324],[-3.711747,40.503681],[-3.711317,40.503731],[-3.700457,40.503259],[-3.699273,40.503359],[-3.698135,40.503616],[-3.697581,40.502629],[-3.697279,40.502322],[-3.696044,40.501492],[-3.697336,40.500085],[-3.698933,40.49902],[-3.6997,40.498344],[-3.700545,40.497045],[-3.700688,40.496608],[-3.700758,40.495902],[-3.700686,40.495395],[-3.700424,40.494776],[-3.698884,40.492934],[-3.6986,40.49244],[-3.698061,40.490128],[-3.701074,40.489206],[-3.702736,40.488211],[-3.703397,40.48793],[-3.707888,40.486531],[-3.712295,40.483671],[-3.71306,40.483383],[-3.714106,40.483156],[-3.715057,40.483664],[-3.715515,40.484055],[-3.716066,40.484705],[-3.716474,40.485542],[-3.716673,40.485584],[-3.716782,40.485721],[-3.722653,40.485507],[-3.727487,40.485526],[-3.730197,40.486457],[-3.730519,40.486294],[-3.730848,40.486437],[-3.734033,40.485685],[-3.734287,40.485884],[-3.73464,40.485818],[-3.73539,40.486457],[-3.735587,40.486958],[-3.73554,40.487572],[-3.735186,40.488229],[-3.733708,40.489468],[-3.733461,40.490134],[-3.734886,40.491847],[-3.734971,40.492528],[-3.734742,40.492827],[-3.73823,40.493144],[-3.736206,40.497171],[-3.734452,40.502057],[-3.732579,40.503475],[-3.732207,40.503888],[-3.732404,40.505284],[-3.732784,40.506248],[-3.733077,40.506353],[-3.733001,40.507144],[-3.73439,40.507774],[-3.735091,40.506778],[-3.742083,40.509024],[-3.741727,40.509662],[-3.741127,40.510359],[-3.740379,40.511545],[-3.740293,40.512661],[-3.740161,40.513008],[-3.739955,40.513197],[-3.739566,40.513324],[-3.73899,40.513226],[-3.736583,40.512347],[-3.732147,40.509446],[-3.726678,40.508305],[-3.7265,40.508202]]]},"properties":{"distrito_codigo":"08","distrito_nombre":"Fuencarral-El Pardo","barrio_codigo":"087","barrio_nombre":"Mirasierra"}},{"type":"Feature","geometry":{"type":"Polygon","coordinates":[[[-3.701503,40.578546],[-3.701512,40.57832],[-3.700099,40.578307],[-3.698106,40.576829],[-3.697254,40.576049],[-3.69717,40.575182],[-3.696974,40.574841],[-3.695974,40.574143],[-3.694719,40.573598],[-3.693336,40.571957],[-3.692572,40.571587],[-3.692537,40.57119],[-3.692335,40.570707],[-3.691659,40.569801],[-3.691165,40.569614],[-3.690618,40.569192],[-3.690369,40.569612],[-3.689307,40.570366],[-3.689526,40.569855],[-3.689507,40.568794],[-3.689425,40.568502],[-3.687833,40.564961],[-3.686546,40.562383],[-3.685662,40.559654],[-3.684842,40.558102],[-3.682319,40.553839],[-3.682061,40.552916],[-3.682534,40.551354],[-3.682418,40.550866],[-3.681975,40.550422],[-3.681709,40.549884],[-3.68106,40.549257],[-3.680141,40.548764],[-3.679738,40.548141],[-3.678623,40.546857],[-3.678533,40.546514],[-3.67865,40.54539],[-3.678074,40.543459],[-3.677857,40.54305],[-3.67763,40.542887],[-3.67698,40.542069],[-3.675199,40.540448],[-3.674514,40.539409],[-3.674163,40.538399],[-3.673517,40.537953],[-3.671687,40.537247],[-3.67038,40.535414],[-3.669259,40.53435],[-3.670925,40.532071],[-3.672247,40.530878],[-3.675634,40.528389],[-3.676438,40.527253],[-3.677117,40.527001],[-3.675492,40.526126],[-3.674977,40.525584],[-3.671939,40.524375],[-3.669958,40.524729],[-3.667561,40.525016],[-3.665888,40.524488],[-3.665817,40.523885],[-3.665557,40.52298],[-3.665841,40.521798],[-3.666113,40.521122],[-3.662872,40.520071],[-3.666108,40.518836],[-3.668817,40.516986],[-3.674971,40.514278],[-3.682935,40.512334],[-3.683873,40.511859],[-3.685577,40.510581],[-3.686112,40.5105],[-3.686839,40.510661],[-3.688469,40.509874],[-3.689215,40.509391],[-3.690083,40.508597],[-3.696044,40.501492],[-3.697279,40.502322],[-3.697581,40.502629],[-3.698135,40.503616],[-3.699273,40.503359],[-3.700457,40.503259],[-3.711317,40.503731],[-3.711747,40.503681],[-3.712709,40.50324],[-3.712878,40.502994],[-3.713193,40.502966],[-3.713384,40.503083],[-3.713435,40.503273],[-3.717745,40.504676],[-3.721086,40.506232],[-3.722737,40.506595],[-3.724334,40.506778],[-3.725623,40.507495],[-3.726678,40.508305],[-3.732147,40.509446],[-3.736583,40.512347],[-3.73899,40.513226],[-3.739566,40.513324],[-3.739399,40.513886],[-3.732462,40.522738],[-3.731409,40.522949],[-3.729724,40.523056],[-3.728746,40.524509],[-3.728471,40.525168],[-3.727325,40.527031],[-3.725781,40.527768],[-3.720974,40.529596],[-3.711791,40.532781],[-3.708793,40.535458],[-3.707679,40.536636],[-3.705221,40.539635],[-3.706842,40.540889],[-3.707812,40.542293],[-3.708382,40.543249],[-3.710221,40.546981],[-3.712195,40.552429],[-3.712672,40.554087],[-3.715096,40.561262],[-3.715515,40.562809],[-3.715917,40.563808],[-3.716028,40.565008],[-3.716005,40.565465],[-3.715711,40.566425],[-3.711777,40.572119],[-3.711143,40.573527],[-3.710145,40.57853],[-3.707338,40.578504],[-3.706562,40.578613],[-3.704976,40.578548],[-3.701503,40.578546]]]},"properties":{"distrito_codigo":"08","distrito_nombre":"Fuencarral-El Pardo","barrio_codigo":"088","barrio_nombre":"El Goloso"}},{"type":"Feature","geometry":{"type":"Polygon","coordinates":[[[-3.752204,40.444638],[-3.749371,40.44336],[-3.748341,40.442732],[-3.742886,40.438641],[-3.742782,40.438693],[-3.742086,40.438174],[-3.741361,40.437512],[-3.739512,40.43531],[-3.738719,40.434802],[-3.738127,40.434583],[-3.736233,40.43431],[-3.7348,40.434216],[-3.733497,40.434324],[-3.726549,40.436035],[-3.723338,40.437322],[-3.723065,40.437576],[-3.721534,40.436775],[-3.720933,40.436631],[-3.719586,40.435902],[-3.719378,40.435544],[-3.719469,40.435285],[-3.719328,40.435011],[-3.72458,40.432813],[-3.725094,40.432522],[-3.718441,40.425635],[-3.718167,40.425473],[-3.716137,40.425008],[-3.714843,40.423643],[-3.715124,40.422942],[-3.716281,40.421985],[-3.716566,40.421905],[-3.717008,40.421984],[-3.717742,40.422486],[-3.71842,40.422801],[-3.719429,40.422665],[-3.717966,40.421224],[-3.717965,40.420293],[-3.719988,40.42023],[-3.720086,40.42006],[-3.720297,40.419988],[-3.721106,40.418967],[-3.721791,40.41892],[-3.722253,40.417124],[-3.722578,40.416959],[-3.723544,40.416757],[-3.726656,40.415658],[-3.738226,40.411236],[-3.741892,40.409214],[-3.742712,40.409553],[-3.743425,40.409598],[-3.744508,40.40929],[-3.744832,40.409328],[-3.745399,40.409123],[-3.75042,40.408448],[-3.752069,40.407784],[-3.755702,40.405909],[-3.756904,40.405654],[-3.759928,40.403871],[-3.762123,40.401275],[-3.762077,40.401143],[-3.765066,40.398891],[-3.765958,40.398973],[-3.766527,40.399361],[-3.767246,40.399305],[-3.767732,40.399502],[-3.768749,40.399665],[-3.770502,40.399501],[-3.773725,40.400302],[-3.774466,40.400277],[-3.774255,40.402113],[-3.776278,40.404057],[-3.776749,40.405243],[-3.777531,40.406302],[-3.778303,40.407668],[-3.778524,40.408234],[-3.779078,40.410493],[-3.779321,40.41201],[-3.780481,40.414312],[-3.781273,40.417771],[-3.780293,40.421822],[-3.779162,40.424206],[-3.770693,40.429444],[-3.770713,40.444079],[-3.771327,40.444043],[-3.76754,40.447368],[-3.766751,40.447934],[-3.765629,40.448473],[-3.762706,40.449527],[-3.762175,40.449124],[-3.761538,40.448811],[-3.753122,40.445047],[-3.752204,40.444638]]]},"properties":{"distrito_codigo":"09","distrito_nombre":"Moncloa-Aravaca","barrio_codigo":"091","barrio_nombre":"Casa de Campo"}},{"type":"Feature","geometry":{"type":"Polygon","coordinates":[[[-3.717248,40.433199],[-3.717237,40.433127],[-3.717863,40.433001],[-3.711705,40.424419],[-3.710776,40.4234],[-3.712674,40.422344],[-3.712994,40.421978],[-3.715422,40.420353],[-3.717965,40.420293],[-3.717966,40.421224],[-3.719429,40.422665],[-3.71842,40.422801],[-3.717742,40.422486],[-3.716967,40.421965],[-3.716414,40.421924],[-3.715124,40.422942],[-3.714843,40.423643],[-3.716137,40.425008],[-3.718167,40.425473],[-3.718441,40.425635],[-3.725094,40.432522],[-3.72458,40.432813],[-3.719328,40.435011],[-3.719458,40.435388],[-3.719369,40.435555],[-3.719162,40.435657],[-3.718174,40.43555],[-3.718283,40.434726],[-3.717257,40.433262],[-3.717248,40.433199]]]},"properties":{"distrito_codigo":"09","distrito_nombre":"Moncloa-Aravaca","barrio_codigo":"092","barrio_nombre":"Argüelles"}},{"type":"Feature","geometry":{"type":"Polygon","coordinates":[[[-3.756171,40.476686],[-3.756273,40.475871],[-3.755779,40.476653],[-3.75508,40.477194],[-3.754281,40.477426],[-3.754241,40.476719],[-3.752865,40.477703],[-3.75142,40.478385],[-3.751668,40.476472],[-3.751663,40.475496],[-3.751376,40.473609],[-3.750398,40.470169],[-3.75031,40.470202],[-3.750662,40.472011],[-3.750385,40.472959],[-3.750014,40.473452],[-3.749999,40.473275],[-3.749183,40.473932],[-3.747774,40.474385],[-3.742314,40.474362],[-3.740982,40.474258],[-3.734958,40.472898],[-3.732676,40.472612],[-3.73055,40.472561],[-3.728554,40.472756],[-3.728414,40.472669],[-3.728398,40.472438],[-3.725456,40.46902],[-3.724356,40.467883],[-3.723772,40.465919],[-3.723618,40.464518],[-3.721117,40.463805],[-3.72068,40.463268],[-3.720098,40.462928],[-3.719927,40.462968],[-3.719242,40.462068],[-3.718895,40.461537],[-3.718858,40.461306],[-3.719029,40.46095],[-3.719487,40.46047],[-3.719505,40.460017],[-3.71934,40.459849],[-3.71909,40.45967],[-3.712959,40.457845],[-3.711433,40.457519],[-3.713074,40.455071],[-3.712598,40.453969],[-3.713201,40.453064],[-3.712064,40.452489],[-3.711681,40.452453],[-3.70826,40.44711],[-3.709315,40.447104],[-3.714412,40.44584],[-3.714701,40.445673],[-3.714838,40.44572],[-3.714864,40.445833],[-3.7171,40.446657],[-3.718084,40.446743],[-3.719239,40.445643],[-3.719333,40.445344],[-3.719813,40.445087],[-3.719689,40.44372],[-3.719366,40.443344],[-3.717709,40.440285],[-3.717527,40.439755],[-3.71748,40.439215],[-3.717598,40.439009],[-3.718174,40.43555],[-3.719098,40.435661],[-3.719378,40.435544],[-3.719523,40.435838],[-3.719838,40.436041],[-3.720933,40.436631],[-3.721534,40.436775],[-3.723065,40.437576],[-3.723338,40.437322],[-3.726549,40.436035],[-3.733497,40.434324],[-3.7348,40.434216],[-3.737605,40.434474],[-3.738719,40.434802],[-3.739686,40.43547],[-3.741361,40.437512],[-3.742086,40.438174],[-3.742782,40.438693],[-3.742886,40.438641],[-3.748734,40.443004],[-3.749476,40.443411],[-3.761538,40.448811],[-3.762427,40.449285],[-3.762706,40.449527],[-3.761886,40.449771],[-3.761273,40.449698],[-3.760837,40.449447],[-3.760163,40.449985],[-3.757186,40.451154],[-3.757099,40.452324],[-3.757277,40.453203],[-3.758256,40.454206],[-3.759736,40.456687],[-3.761429,40.458746],[-3.762406,40.460126],[-3.761941,40.4612],[-3.762598,40.461279],[-3.761908,40.463444],[-3.762391,40.465164],[-3.764877,40.471816],[-3.765554,40.473241],[-3.763607,40.472742],[-3.761833,40.472547],[-3.75988,40.472745],[-3.758168,40.473305],[-3.758236,40.473618],[-3.758176,40.474335],[-3.757609,40.478601],[-3.755841,40.478481],[-3.756171,40.476686]]]},"properties":{"distrito_codigo":"09","distrito_nombre":"Moncloa-Aravaca","barrio_codigo":"093","barrio_nombre":"Ciudad Universitaria"}},{"type":"Feature","geometry":{"type":"Polygon","coordinates":[[[-3.727661,40.47253],[-3.727262,40.472472],[-3.726066,40.47261],[-3.725448,40.47254],[-3.714664,40.46978],[-3.714707,40.469651],[-3.714627,40.469526],[-3.714301,40.469506],[-3.713991,40.469358],[-3.713502,40.468963],[-3.712532,40.46786],[-3.711453,40.466412],[-3.710711,40.465913],[-3.709281,40.464337],[-3.709006,40.463491],[-3.708299,40.462146],[-3.708508,40.461726],[-3.711433,40.457519],[-3.712959,40.457845],[-3.71909,40.45967],[-3.719505,40.460017],[-3.719546,40.460245],[-3.719487,40.46047],[-3.719029,40.46095],[-3.718858,40.461306],[-3.718895,40.461537],[-3.719242,40.462068],[-3.719927,40.462968],[-3.720098,40.462928],[-3.72068,40.463268],[-3.721117,40.463805],[-3.723618,40.464518],[-3.723772,40.465919],[-3.724308,40.467801],[-3.728398,40.472438],[-3.728414,40.472669],[-3.728554,40.472756],[-3.727976,40.472864],[-3.728082,40.47271],[-3.727661,40.47253]]]},"properties":{"distrito_codigo":"09","distrito_nombre":"Moncloa-Aravaca","barrio_codigo":"094","barrio_nombre":"Valdezarza"}},{"type":"Feature","geometry":{"type":"Polygon","coordinates":[[[-3.780302,40.47442],[-3.780142,40.474282],[-3.778055,40.474416],[-3.772002,40.474384],[-3.769859,40.47426],[-3.768173,40.473988],[-3.765554,40.473241],[-3.764877,40.471816],[-3.762391,40.465164],[-3.761908,40.463444],[-3.762598,40.461279],[-3.800056,40.465589],[-3.799912,40.466373],[-3.799962,40.466611],[-3.802009,40.468558],[-3.799799,40.469201],[-3.797747,40.469402],[-3.794271,40.470111],[-3.792212,40.470789],[-3.790061,40.471878],[-3.785754,40.473085],[-3.785908,40.473358],[-3.780796,40.474846],[-3.780302,40.47442]]]},"properties":{"distrito_codigo":"09","distrito_nombre":"Moncloa-Aravaca","barrio_codigo":"095","barrio_nombre":"Valdemarín"}},{"type":"Feature","geometry":{"type":"Polygon","coordinates":[[[-3.799962,40.466611],[-3.799912,40.466373],[-3.800056,40.465589],[-3.800929,40.465688],[-3.801219,40.46416],[-3.801388,40.46395],[-3.800038,40.462742],[-3.799303,40.461669],[-3.798921,40.460616],[-3.798902,40.459229],[-3.800465,40.460376],[-3.802385,40.46209],[-3.804045,40.463039],[-3.807237,40.46349],[-3.810028,40.464303],[-3.812803,40.463766],[-3.815081,40.463809],[-3.817318,40.464495],[-3.818717,40.46453],[-3.819828,40.464419],[-3.820892,40.464528],[-3.822087,40.464784],[-3.823526,40.464715],[-3.824686,40.46485],[-3.827031,40.466015],[-3.828883,40.466322],[-3.83083,40.465942],[-3.834262,40.464425],[-3.835545,40.465845],[-3.836824,40.466984],[-3.838165,40.467775],[-3.838042,40.470933],[-3.837252,40.472956],[-3.836024,40.474901],[-3.836635,40.475131],[-3.837463,40.47564],[-3.837298,40.475797],[-3.836557,40.4796],[-3.809936,40.472134],[-3.800239,40.469298],[-3.800069,40.469128],[-3.802009,40.468558],[-3.800101,40.466747],[-3.799962,40.466611]]]},"properties":{"distrito_codigo":"09","distrito_nombre":"Moncloa-Aravaca","barrio_codigo":"096","barrio_nombre":"El Plantío"}},{"type":"Feature","geometry":{"type":"Polygon","coordinates":[[[-3.788087,40.464229],[-3.761941,40.4612],[-3.762406,40.460126],[-3.761429,40.458746],[-3.759736,40.456687],[-3.758256,40.454206],[-3.757277,40.453203],[-3.757099,40.452324],[-3.757186,40.451154],[-3.760163,40.449985],[-3.760837,40.449447],[-3.761403,40.449736],[-3.762082,40.449741],[-3.763463,40.449302],[-3.766479,40.44809],[-3.76754,40.447368],[-3.771327,40.444043],[-3.777433,40.443685],[-3.77857,40.443861],[-3.779394,40.444223],[-3.784593,40.444365],[-3.78719,40.443346],[-3.790009,40.442394],[-3.788695,40.445767],[-3.790129,40.445819],[-3.790245,40.447718],[-3.790867,40.447507],[-3.79108,40.448111],[-3.791297,40.449444],[-3.792288,40.451666],[-3.793329,40.453318],[-3.792877,40.453713],[-3.792972,40.45393],[-3.794001,40.455019],[-3.794316,40.455628],[-3.794762,40.456084],[-3.795509,40.456426],[-3.795199,40.457009],[-3.795716,40.457925],[-3.798902,40.459229],[-3.798921,40.460616],[-3.799303,40.461669],[-3.800038,40.462742],[-3.801388,40.46395],[-3.801219,40.46416],[-3.800929,40.465688],[-3.78956,40.464405],[-3.788087,40.464229]]]},"properties":{"distrito_codigo":"09","distrito_nombre":"Moncloa-Aravaca","barrio_codigo":"097","barrio_nombre":"Aravaca"}},{"type":"Feature","geometry":{"type":"Polygon","coordinates":[[[-3.72253,40.405842],[-3.722526,40.404561],[-3.724664,40.404549],[-3.724565,40.405546],[-3.725314,40.405507],[-3.726074,40.405057],[-3.726691,40.404391],[-3.727855,40.40363],[-3.72852,40.402926],[-3.729741,40.402338],[-3.736994,40.396766],[-3.737924,40.395752],[-3.738635,40.394655],[-3.740773,40.393032],[-3.743121,40.394823],[-3.743459,40.395331],[-3.744485,40.399964],[-3.744775,40.402518],[-3.744742,40.403083],[-3.74411,40.40416],[-3.744012,40.404509],[-3.742324,40.404541],[-3.740259,40.40442],[-3.736669,40.403879],[-3.735841,40.403898],[-3.735006,40.404054],[-3.733026,40.404969],[-3.730536,40.406385],[-3.727195,40.407083],[-3.726451,40.407336],[-3.725845,40.407747],[-3.725208,40.408539],[-3.724806,40.408735],[-3.723869,40.408794],[-3.722218,40.408502],[-3.721703,40.408497],[-3.722177,40.406974],[-3.72253,40.405842]]]},"properties":{"distrito_codigo":"10","distrito_nombre":"Latina","barrio_codigo":"101","barrio_nombre":"Los Cármenes"}},{"type":"Feature","geometry":{"type":"Polygon","coordinates":[[[-3.721955,40.409653],[-3.721703,40.408497],[-3.722218,40.408502],[-3.723869,40.408794],[-3.724906,40.408709],[-3.725257,40.408494],[-3.72591,40.407688],[-3.726451,40.407336],[-3.727195,40.407083],[-3.730536,40.406385],[-3.733026,40.404969],[-3.734306,40.404316],[-3.735145,40.404016],[-3.735941,40.403889],[-3.736861,40.40389],[-3.739541,40.404347],[-3.742227,40.404538],[-3.742173,40.405425],[-3.741826,40.406177],[-3.741397,40.40881],[-3.740601,40.409121],[-3.741262,40.409016],[-3.741892,40.409214],[-3.738226,40.411236],[-3.731178,40.413868],[-3.729624,40.414562],[-3.723544,40.416757],[-3.722699,40.416921],[-3.722253,40.417124],[-3.722878,40.413988],[-3.722816,40.412089],[-3.722419,40.411192],[-3.721955,40.409653]]]},"properties":{"distrito_codigo":"10","distrito_nombre":"Latina","barrio_codigo":"102","barrio_nombre":"Puerta del Ángel"}},{"type":"Feature","geometry":{"type":"Polygon","coordinates":[[[-3.742393,40.409366],[-3.741262,40.409016],[-3.740601,40.409121],[-3.741397,40.40881],[-3.741826,40.406177],[-3.742173,40.405425],[-3.742227,40.404538],[-3.744012,40.404509],[-3.74411,40.40416],[-3.744742,40.403083],[-3.744775,40.402518],[-3.744485,40.399964],[-3.743497,40.395504],[-3.744695,40.39509],[-3.752626,40.396014],[-3.75323,40.395979],[-3.753617,40.395823],[-3.75466,40.397146],[-3.757795,40.398799],[-3.758359,40.399247],[-3.760701,40.402902],[-3.760046,40.403762],[-3.759476,40.404194],[-3.756904,40.405654],[-3.755702,40.405909],[-3.752069,40.407784],[-3.75042,40.408448],[-3.745399,40.409123],[-3.744832,40.409328],[-3.744508,40.40929],[-3.743425,40.409598],[-3.742712,40.409553],[-3.742393,40.409366]]]},"properties":{"distrito_codigo":"10","distrito_nombre":"Latina","barrio_codigo":"103","barrio_nombre":"Lucero"}},{"type":"Feature","geometry":{"type":"Polygon","coordinates":[[[-3.754132,40.396542],[-3.753617,40.395823],[-3.75323,40.395979],[-3.752626,40.396014],[-3.744695,40.39509],[-3.743497,40.395504],[-3.743308,40.395033],[-3.743121,40.394823],[-3.740773,40.393032],[-3.742335,40.391806],[-3.743541,40.390392],[-3.74465,40.388006],[-3.745308,40.387853],[-3.749073,40.385545],[-3.750547,40.384899],[-3.751615,40.384226],[-3.752928,40.38356],[-3.754585,40.383566],[-3.758127,40.384055],[-3.75872,40.383953],[-3.759136,40.383593],[-3.771506,40.393918],[-3.762077,40.401143],[-3.762123,40.401275],[-3.760701,40.402902],[-3.758359,40.399247],[-3.757795,40.398799],[-3.755033,40.397397],[-3.754494,40.397018],[-3.754164,40.39659],[-3.754132,40.396542]]]},"properties":{"distrito_codigo":"10","distrito_nombre":"Latina","barrio_codigo":"104","barrio_nombre":"Aluche"}},{"type":"Feature","geometry":{"type":"Polygon","coordinates":[[[-3.774507,40.400317],[-3.773725,40.400302],[-3.770502,40.399501],[-3.768749,40.399665],[-3.767732,40.399502],[-3.767246,40.399305],[-3.766527,40.399361],[-3.765958,40.398973],[-3.765066,40.398891],[-3.784123,40.384212],[-3.786229,40.382769],[-3.789455,40.380329],[-3.79448,40.376314],[-3.810546,40.363999],[-3.811975,40.366956],[-3.813224,40.36985],[-3.815256,40.372485],[-3.817457,40.375071],[-3.820788,40.3787],[-3.822641,40.380487],[-3.823377,40.381542],[-3.823638,40.382146],[-3.828967,40.388574],[-3.830134,40.390115],[-3.830104,40.390188],[-3.830826,40.391035],[-3.832202,40.392959],[-3.832936,40.39438],[-3.833365,40.395482],[-3.834071,40.396067],[-3.828864,40.39642],[-3.827897,40.396362],[-3.825085,40.396563],[-3.820557,40.396693],[-3.819162,40.396449],[-3.814761,40.394042],[-3.810765,40.392809],[-3.808313,40.392414],[-3.804172,40.392066],[-3.796376,40.392273],[-3.793742,40.39366],[-3.788588,40.394035],[-3.789368,40.39249],[-3.786669,40.392836],[-3.781436,40.3942],[-3.780625,40.395346],[-3.780019,40.395846],[-3.779545,40.396853],[-3.778023,40.397665],[-3.778017,40.398056],[-3.77756,40.399145],[-3.775754,40.400085],[-3.774507,40.400314],[-3.774507,40.400317]]]},"properties":{"distrito_codigo":"10","distrito_nombre":"Latina","barrio_codigo":"105","barrio_nombre":"Campamento"}},{"type":"Feature","geometry":{"type":"Polygon","coordinates":[[[-3.76204,40.367498],[-3.761717,40.366873],[-3.763817,40.366182],[-3.764066,40.365627],[-3.766741,40.36397],[-3.770646,40.360462],[-3.771006,40.36012],[-3.771133,40.359867],[-3.772262,40.359776],[-3.77334,40.360555],[-3.776656,40.361285],[-3.780227,40.361875],[-3.782603,40.361064],[-3.786221,40.359148],[-3.786929,40.358828],[-3.787673,40.358706],[-3.79129,40.360083],[-3.793387,40.361168],[-3.794959,40.361797],[-3.802766,40.363341],[-3.803802,40.364252],[-3.806839,40.366463],[-3.810424,40.363726],[-3.810546,40.363999],[-3.79448,40.376314],[-3.791623,40.37866],[-3.787651,40.381713],[-3.785462,40.38059],[-3.784639,40.379936],[-3.784364,40.379511],[-3.783935,40.378419],[-3.783127,40.377163],[-3.782234,40.376136],[-3.781542,40.375744],[-3.781015,40.375587],[-3.762182,40.372646],[-3.76283,40.369124],[-3.762819,40.368866],[-3.76212,40.367618],[-3.76204,40.367498]]]},"properties":{"distrito_codigo":"10","distrito_nombre":"Latina","barrio_codigo":"106","barrio_nombre":"Cuatro Vientos"}},{"type":"Feature","geometry":{"type":"Polygon","coordinates":[[[-3.765934,40.389308],[-3.758264,40.382823],[-3.756721,40.380469],[-3.755747,40.378464],[-3.756527,40.378136],[-3.757241,40.377325],[-3.757584,40.376714],[-3.757892,40.37549],[-3.76055,40.374733],[-3.761884,40.374488],[-3.762182,40.372646],[-3.781015,40.375587],[-3.781682,40.375801],[-3.782234,40.376136],[-3.783311,40.377427],[-3.783935,40.378419],[-3.784364,40.379511],[-3.784639,40.379936],[-3.785462,40.38059],[-3.787651,40.381713],[-3.784123,40.384212],[-3.771506,40.393918],[-3.76632,40.38963],[-3.765934,40.389308]]]},"properties":{"distrito_codigo":"10","distrito_nombre":"Latina","barrio_codigo":"107","barrio_nombre":"Las Águilas"}},{"type":"Feature","geometry":{"type":"Polygon","coordinates":[[[-3.716785,40.385903],[-3.717193,40.385523],[-3.717344,40.385556],[-3.715127,40.392266],[-3.715195,40.393268],[-3.715516,40.394429],[-3.714985,40.395912],[-3.715423,40.397165],[-3.715658,40.397515],[-3.715678,40.397776],[-3.714794,40.399667],[-3.713965,40.39936],[-3.711273,40.397328],[-3.710209,40.396802],[-3.708789,40.396276],[-3.704543,40.395089],[-3.705073,40.394673],[-3.706852,40.392694],[-3.70765,40.391937],[-3.708677,40.391299],[-3.712188,40.389892],[-3.713035,40.389426],[-3.714691,40.387995],[-3.716531,40.386153],[-3.716785,40.385903]]]},"properties":{"distrito_codigo":"11","distrito_nombre":"Carabanchel","barrio_codigo":"111","barrio_nombre":"Comillas"}},{"type":"Feature","geometry":{"type":"Polygon","coordinates":[[[-3.715168,40.392059],[-3.717344,40.385556],[-3.717193,40.385523],[-3.717468,40.385256],[-3.717606,40.384944],[-3.717887,40.385018],[-3.717932,40.385217],[-3.722416,40.385274],[-3.726556,40.385916],[-3.727669,40.386293],[-3.732058,40.388254],[-3.727074,40.391536],[-3.715678,40.397776],[-3.715658,40.397515],[-3.715423,40.397165],[-3.714985,40.395912],[-3.715516,40.394429],[-3.715195,40.393268],[-3.715147,40.392146],[-3.715168,40.392059]]]},"properties":{"distrito_codigo":"11","distrito_nombre":"Carabanchel","barrio_codigo":"112","barrio_nombre":"Opañel"}},{"type":"Feature","geometry":{"type":"Polygon","coordinates":[[[-3.724664,40.404549],[-3.722526,40.404561],[-3.722297,40.402572],[-3.721974,40.401648],[-3.721668,40.400979],[-3.720833,40.400394],[-3.719837,40.399946],[-3.719115,40.399831],[-3.716528,40.400006],[-3.715828,40.399939],[-3.714794,40.399667],[-3.715678,40.397776],[-3.715933,40.397577],[-3.716343,40.397457],[-3.727074,40.391536],[-3.731662,40.388519],[-3.734793,40.389884],[-3.734999,40.389839],[-3.735183,40.390069],[-3.739989,40.392459],[-3.740773,40.393032],[-3.738635,40.394655],[-3.737924,40.395752],[-3.736994,40.396766],[-3.729741,40.402338],[-3.72852,40.402926],[-3.727855,40.40363],[-3.726691,40.404391],[-3.726074,40.405057],[-3.725314,40.405507],[-3.724565,40.405546],[-3.724665,40.404579],[-3.724664,40.404549]]]},"properties":{"distrito_codigo":"11","distrito_nombre":"Carabanchel","barrio_codigo":"113","barrio_nombre":"San Isidro"}},{"type":"Feature","geometry":{"type":"Polygon","coordinates":[[[-3.740517,40.392827],[-3.739989,40.392459],[-3.735115,40.390032],[-3.734999,40.389839],[-3.734793,40.389884],[-3.731662,40.388519],[-3.736374,40.385442],[-3.739688,40.384508],[-3.741756,40.382901],[-3.741288,40.382373],[-3.742804,40.381959],[-3.744534,40.380815],[-3.745797,40.38023],[-3.750582,40.375811],[-3.753033,40.376799],[-3.753101,40.376936],[-3.754517,40.377515],[-3.755365,40.37799],[-3.755747,40.378464],[-3.756721,40.380469],[-3.757609,40.381915],[-3.758264,40.382823],[-3.759136,40.383593],[-3.759082,40.383705],[-3.75872,40.383953],[-3.758127,40.384055],[-3.754585,40.383566],[-3.752928,40.38356],[-3.751615,40.384226],[-3.750547,40.384899],[-3.749073,40.385545],[-3.745308,40.387853],[-3.74465,40.388006],[-3.743541,40.390392],[-3.74283,40.391307],[-3.742335,40.391806],[-3.740773,40.393032],[-3.740525,40.392834],[-3.740517,40.392827]]]},"properties":{"distrito_codigo":"11","distrito_nombre":"Carabanchel","barrio_codigo":"114","barrio_nombre":"Vista Alegre"}},{"type":"Feature","geometry":{"type":"Polygon","coordinates":[[[-3.735717,40.374604],[-3.736323,40.373899],[-3.738612,40.373843],[-3.740048,40.373695],[-3.741951,40.373271],[-3.74206,40.373053],[-3.742951,40.373012],[-3.743731,40.37286],[-3.745195,40.372949],[-3.746842,40.372911],[-3.747608,40.373231],[-3.748995,40.373625],[-3.749657,40.374137],[-3.750262,40.374156],[-3.750091,40.37471],[-3.750615,40.375449],[-3.750789,40.375495],[-3.750726,40.375678],[-3.745797,40.38023],[-3.744534,40.380815],[-3.742804,40.381959],[-3.741288,40.382373],[-3.741756,40.382901],[-3.739688,40.384508],[-3.736374,40.385442],[-3.732058,40.388254],[-3.7276,40.386264],[-3.727884,40.385569],[-3.729872,40.382624],[-3.730683,40.381733],[-3.732535,40.379316],[-3.73708,40.377831],[-3.734288,40.375892],[-3.735608,40.374725],[-3.735717,40.374604]]]},"properties":{"distrito_codigo":"11","distrito_nombre":"Carabanchel","barrio_codigo":"115","barrio_nombre":"Puerta Bonita"}},{"type":"Feature","geometry":{"type":"Polygon","coordinates":[[[-3.750262,40.374156],[-3.749657,40.374137],[-3.748995,40.373625],[-3.747608,40.373231],[-3.746842,40.372911],[-3.746492,40.372887],[-3.745195,40.372949],[-3.743832,40.372854],[-3.742951,40.373012],[-3.742338,40.373002],[-3.74206,40.373053],[-3.741951,40.373271],[-3.741093,40.373465],[-3.740048,40.373695],[-3.738612,40.373843],[-3.736323,40.373899],[-3.728425,40.373231],[-3.719696,40.373733],[-3.720287,40.369219],[-3.720733,40.364873],[-3.720885,40.364866],[-3.7208,40.365558],[-3.723369,40.365382],[-3.727024,40.364553],[-3.730466,40.363355],[-3.757616,40.357271],[-3.766156,40.358776],[-3.771133,40.359867],[-3.771006,40.36012],[-3.770646,40.360462],[-3.766741,40.36397],[-3.764066,40.365627],[-3.763817,40.366182],[-3.761717,40.366873],[-3.7626,40.368414],[-3.762819,40.368866],[-3.76283,40.369124],[-3.761884,40.374488],[-3.76055,40.374733],[-3.757892,40.37549],[-3.757584,40.376714],[-3.757241,40.377325],[-3.756527,40.378136],[-3.755747,40.378464],[-3.755365,40.37799],[-3.754517,40.377515],[-3.753101,40.376936],[-3.753033,40.376799],[-3.750582,40.375811],[-3.750789,40.375495],[-3.750615,40.375449],[-3.750091,40.37471],[-3.750247,40.374167],[-3.750262,40.374156]]]},"properties":{"distrito_codigo":"11","distrito_nombre":"Carabanchel","barrio_codigo":"116","barrio_nombre":"Buenavista"}},{"type":"Feature","geometry":{"type":"Polygon","coordinates":[[[-3.717771,40.38496],[-3.717606,40.384944],[-3.718894,40.380916],[-3.7189,40.380086],[-3.719696,40.373733],[-3.728425,40.373231],[-3.736323,40.373899],[-3.735608,40.374725],[-3.734288,40.375892],[-3.73708,40.377831],[-3.732535,40.379316],[-3.730683,40.381733],[-3.729872,40.382624],[-3.727884,40.385569],[-3.7276,40.386264],[-3.725957,40.385798],[-3.722416,40.385274],[-3.717932,40.385217],[-3.71792,40.385049],[-3.717797,40.38497],[-3.717771,40.38496]]]},"properties":{"distrito_codigo":"11","distrito_nombre":"Carabanchel","barrio_codigo":"117","barrio_nombre":"Abrantes"}},{"type":"Feature","geometry":{"type":"Polygon","coordinates":[[[-3.716803,40.37384],[-3.713986,40.373782],[-3.704578,40.371229],[-3.70328,40.371084],[-3.704495,40.366389],[-3.705063,40.363758],[-3.707683,40.363999],[-3.712226,40.364222],[-3.717804,40.36481],[-3.720733,40.364873],[-3.720287,40.369219],[-3.719696,40.373733],[-3.717621,40.373848],[-3.716803,40.37384]]]},"properties":{"distrito_codigo":"12","distrito_nombre":"Usera","barrio_codigo":"121","barrio_nombre":"Orcasitas"}},{"type":"Feature","geometry":{"type":"Polygon","coordinates":[[[-3.694814,40.373984],[-3.694145,40.368332],[-3.693828,40.364569],[-3.695988,40.364588],[-3.697485,40.364483],[-3.702273,40.36367],[-3.703468,40.363638],[-3.705063,40.363758],[-3.703221,40.371542],[-3.702767,40.372543],[-3.7026,40.373215],[-3.702569,40.374646],[-3.702405,40.375513],[-3.701109,40.377676],[-3.69989,40.378544],[-3.698442,40.379268],[-3.696686,40.379995],[-3.695438,40.380747],[-3.692034,40.384136],[-3.689702,40.38235],[-3.690955,40.381383],[-3.694436,40.376277],[-3.694826,40.375493],[-3.694888,40.374941],[-3.69482,40.374062],[-3.694814,40.373984]]]},"properties":{"distrito_codigo":"12","distrito_nombre":"Usera","barrio_codigo":"122","barrio_nombre":"Orcasur"}},{"type":"Feature","geometry":{"type":"Polygon","coordinates":[[[-3.682087,40.361861],[-3.682034,40.361738],[-3.68336,40.361956],[-3.688506,40.363752],[-3.689806,40.364111],[-3.691723,40.364427],[-3.693828,40.364569],[-3.694145,40.368332],[-3.694715,40.372867],[-3.694888,40.374941],[-3.694826,40.375493],[-3.694436,40.376277],[-3.69139,40.380825],[-3.690647,40.38168],[-3.689702,40.38235],[-3.689156,40.381445],[-3.688766,40.379826],[-3.688305,40.378729],[-3.687616,40.37788],[-3.687218,40.376994],[-3.687157,40.376267],[-3.687694,40.374751],[-3.687614,40.374254],[-3.687028,40.373697],[-3.686182,40.37204],[-3.685709,40.371785],[-3.682968,40.370832],[-3.682614,40.370594],[-3.682217,40.369962],[-3.682225,40.36893],[-3.682101,40.368762],[-3.68161,40.366984],[-3.681689,40.366619],[-3.681958,40.366214],[-3.682863,40.365524],[-3.683135,40.36507],[-3.683221,40.364735],[-3.682986,40.363672],[-3.682356,40.362494],[-3.682087,40.361861]]]},"properties":{"distrito_codigo":"12","distrito_nombre":"Usera","barrio_codigo":"123","barrio_nombre":"San Fermín"}},{"type":"Feature","geometry":{"type":"Polygon","coordinates":[[[-3.698024,40.389084],[-3.692034,40.384136],[-3.695438,40.380747],[-3.696686,40.379995],[-3.698442,40.379268],[-3.69989,40.378544],[-3.70012,40.378777],[-3.700173,40.379469],[-3.701509,40.379459],[-3.702078,40.380288],[-3.702977,40.381188],[-3.704645,40.380232],[-3.705652,40.385866],[-3.702256,40.386245],[-3.699416,40.388218],[-3.699147,40.388258],[-3.698389,40.388844],[-3.698024,40.389084]]]},"properties":{"distrito_codigo":"12","distrito_nombre":"Usera","barrio_codigo":"124","barrio_nombre":"Almendrales"}},{"type":"Feature","geometry":{"type":"Polygon","coordinates":[[[-3.699084,40.388346],[-3.699416,40.388218],[-3.702307,40.386233],[-3.711583,40.385191],[-3.717069,40.385221],[-3.71706,40.385386],[-3.717193,40.385523],[-3.714691,40.387995],[-3.713208,40.389305],[-3.712188,40.389892],[-3.708155,40.391574],[-3.70723,40.392305],[-3.705073,40.394673],[-3.704543,40.395089],[-3.702943,40.394178],[-3.70036,40.391636],[-3.698024,40.389084],[-3.698389,40.388844],[-3.699084,40.388346]]]},"properties":{"distrito_codigo":"12","distrito_nombre":"Usera","barrio_codigo":"125","barrio_nombre":"Moscardó"}},{"type":"Feature","geometry":{"type":"Polygon","coordinates":[[[-3.712205,40.385169],[-3.711739,40.385184],[-3.711319,40.384435],[-3.711171,40.382945],[-3.711169,40.381378],[-3.71137,40.379831],[-3.712139,40.377499],[-3.712101,40.375529],[-3.712213,40.373307],[-3.714194,40.373805],[-3.717621,40.373848],[-3.719696,40.373733],[-3.7189,40.380086],[-3.718894,40.380916],[-3.717987,40.383899],[-3.717468,40.385256],[-3.717193,40.385523],[-3.71706,40.385386],[-3.717069,40.385221],[-3.712418,40.38517],[-3.712205,40.385169]]]},"properties":{"distrito_codigo":"12","distrito_nombre":"Usera","barrio_codigo":"126","barrio_nombre":"Zofío"}},{"type":"Feature","geometry":{"type":"Polygon","coordinates":[[[-3.705136,40.383],[-3.704645,40.380232],[-3.702977,40.381188],[-3.702078,40.380288],[-3.701509,40.379459],[-3.700173,40.379469],[-3.70012,40.378777],[-3.69989,40.378544],[-3.701109,40.377676],[-3.702405,40.375513],[-3.702569,40.374646],[-3.7026,40.373215],[-3.702767,40.372543],[-3.703221,40.371542],[-3.70328,40.371084],[-3.704578,40.371229],[-3.712213,40.373307],[-3.712101,40.375529],[-3.712139,40.377499],[-3.71137,40.379831],[-3.711169,40.380971],[-3.711236,40.384079],[-3.7114,40.384665],[-3.711739,40.385184],[-3.705652,40.385866],[-3.705146,40.383067],[-3.705136,40.383]]]},"properties":{"distrito_codigo":"12","distrito_nombre":"Usera","barrio_codigo":"127","barrio_nombre":"Pradolongo"}},{"type":"Feature","geometry":{"type":"Polygon","coordinates":[[[-3.654229,40.376048],[-3.652416,40.376041],[-3.653121,40.374869],[-3.654031,40.372413],[-3.654403,40.370993],[-3.654917,40.370197],[-3.655868,40.369486],[-3.658012,40.368363],[-3.661692,40.365827],[-3.666447,40.363098],[-3.667814,40.36247],[-3.669521,40.361882],[-3.671272,40.361471],[-3.673562,40.361115],[-3.67491,40.361149],[-3.675749,40.361369],[-3.676927,40.361849],[-3.67813,40.362063],[-3.678894,40.362045],[-3.680849,40.361776],[-3.682034,40.361738],[-3.682986,40.363672],[-3.683221,40.364735],[-3.683135,40.36507],[-3.682863,40.365524],[-3.681958,40.366214],[-3.681689,40.366619],[-3.68161,40.366984],[-3.682101,40.368762],[-3.682225,40.36893],[-3.682217,40.369962],[-3.682614,40.370594],[-3.682968,40.370832],[-3.685709,40.371785],[-3.686182,40.37204],[-3.687028,40.373697],[-3.687614,40.374254],[-3.687694,40.374751],[-3.687157,40.376267],[-3.687218,40.376994],[-3.687616,40.37788],[-3.688305,40.378729],[-3.688766,40.379826],[-3.689156,40.381445],[-3.689702,40.38235],[-3.688609,40.382861],[-3.686922,40.383314],[-3.686965,40.383366],[-3.684217,40.383891],[-3.683139,40.384416],[-3.682416,40.385212],[-3.679546,40.389595],[-3.678815,40.39046],[-3.677863,40.391319],[-3.675147,40.393396],[-3.673441,40.394433],[-3.672781,40.392983],[-3.671449,40.388114],[-3.67048,40.385343],[-3.670114,40.384613],[-3.668994,40.38297],[-3.667741,40.381528],[-3.666721,40.380581],[-3.664818,40.379218],[-3.663389,40.378406],[-3.661283,40.377459],[-3.659779,40.376952],[-3.657831,40.376462],[-3.656454,40.376233],[-3.654364,40.376064],[-3.654229,40.376048]]]},"properties":{"distrito_codigo":"13","distrito_nombre":"Puente de Vallecas","barrio_codigo":"131","barrio_nombre":"Entrevías"}},{"type":"Feature","geometry":{"type":"Polygon","coordinates":[[[-3.663659,40.382685],[-3.663844,40.382477],[-3.664085,40.382681],[-3.666816,40.380667],[-3.668698,40.382565],[-3.670114,40.384613],[-3.67048,40.385343],[-3.671449,40.388114],[-3.672781,40.392983],[-3.673441,40.394433],[-3.672051,40.395417],[-3.671316,40.396065],[-3.66929,40.398391],[-3.662271,40.394719],[-3.663681,40.393127],[-3.66424,40.391651],[-3.664995,40.390314],[-3.664307,40.388109],[-3.663349,40.38311],[-3.663644,40.382706],[-3.663659,40.382685]]]},"properties":{"distrito_codigo":"13","distrito_nombre":"Puente de Vallecas","barrio_codigo":"132","barrio_nombre":"San Diego"}},{"type":"Feature","geometry":{"type":"Polygon","coordinates":[[[-3.652825,40.38259],[-3.652779,40.378846],[-3.652626,40.378093],[-3.652513,40.377943],[-3.652787,40.377234],[-3.653082,40.376874],[-3.652827,40.376864],[-3.652803,40.376641],[-3.653566,40.376325],[-3.653924,40.376016],[-3.656454,40.376233],[-3.657831,40.376462],[-3.659779,40.376952],[-3.661283,40.377459],[-3.664297,40.378901],[-3.665759,40.379843],[-3.666816,40.380667],[-3.664085,40.382681],[-3.663844,40.382477],[-3.663778,40.382522],[-3.663349,40.38311],[-3.664307,40.388109],[-3.664995,40.390314],[-3.66424,40.391651],[-3.663681,40.393127],[-3.662271,40.394719],[-3.656919,40.391906],[-3.65394,40.39157],[-3.653711,40.39136],[-3.652955,40.389413],[-3.652883,40.38893],[-3.653031,40.385749],[-3.65284,40.382706],[-3.652825,40.38259]]]},"properties":{"distrito_codigo":"13","distrito_nombre":"Puente de Vallecas","barrio_codigo":"133","barrio_nombre":"Palomeras Bajas"}},{"type":"Feature","geometry":{"type":"Polygon","coordinates":[[[-3.640504,40.37838],[-3.649365,40.37637],[-3.65156,40.376084],[-3.653924,40.376016],[-3.653566,40.376325],[-3.652936,40.376546],[-3.652775,40.37669],[-3.652827,40.376864],[-3.653082,40.376874],[-3.652787,40.377234],[-3.652513,40.377943],[-3.652626,40.378093],[-3.652779,40.378846],[-3.652777,40.381439],[-3.652016,40.381545],[-3.650713,40.381913],[-3.649419,40.382533],[-3.648499,40.383136],[-3.646517,40.385552],[-3.646202,40.385779],[-3.643796,40.388865],[-3.643799,40.38899],[-3.643356,40.389701],[-3.640272,40.393854],[-3.639911,40.394714],[-3.621797,40.390754],[-3.62416,40.385091],[-3.624691,40.384176],[-3.625199,40.383662],[-3.625096,40.383456],[-3.625275,40.383284],[-3.625026,40.382778],[-3.624355,40.382122],[-3.639829,40.378537],[-3.640504,40.37838]]]},"properties":{"distrito_codigo":"13","distrito_nombre":"Puente de Vallecas","barrio_codigo":"134","barrio_nombre":"Palomeras Sureste"}},{"type":"Feature","geometry":{"type":"Polygon","coordinates":[[[-3.652531,40.38146],[-3.652777,40.381439],[-3.653007,40.384423],[-3.653031,40.385749],[-3.652883,40.38893],[-3.652955,40.389413],[-3.65351,40.39086],[-3.653711,40.39136],[-3.65394,40.39157],[-3.653727,40.393136],[-3.653405,40.393806],[-3.652121,40.395066],[-3.647617,40.398076],[-3.64713,40.398604],[-3.645002,40.39668],[-3.643845,40.395901],[-3.642328,40.39528],[-3.639911,40.394714],[-3.640272,40.393854],[-3.643356,40.389701],[-3.643799,40.38899],[-3.643796,40.388865],[-3.646202,40.385779],[-3.646517,40.385552],[-3.648499,40.383136],[-3.649419,40.382533],[-3.650713,40.381913],[-3.652446,40.381469],[-3.652531,40.38146]]]},"properties":{"distrito_codigo":"13","distrito_nombre":"Puente de Vallecas","barrio_codigo":"135","barrio_nombre":"Portazgo"}},{"type":"Feature","geometry":{"type":"Polygon","coordinates":[[[-3.653931,40.391653],[-3.65394,40.39157],[-3.656919,40.391906],[-3.66929,40.398391],[-3.668423,40.399507],[-3.667637,40.400825],[-3.666416,40.404257],[-3.665343,40.406319],[-3.657618,40.405771],[-3.65607,40.405476],[-3.654839,40.405048],[-3.653862,40.404531],[-3.653166,40.404024],[-3.64713,40.398604],[-3.647617,40.398076],[-3.651596,40.39546],[-3.652578,40.394662],[-3.653405,40.393806],[-3.653616,40.393437],[-3.653822,40.39275],[-3.653923,40.391736],[-3.653931,40.391653]]]},"properties":{"distrito_codigo":"13","distrito_nombre":"Puente de Vallecas","barrio_codigo":"136","barrio_nombre":"Numancia"}},{"type":"Feature","geometry":{"type":"Polygon","coordinates":[[[-3.625713,40.403839],[-3.62541,40.40344],[-3.626271,40.401357],[-3.627078,40.398009],[-3.627358,40.397174],[-3.627974,40.395876],[-3.629863,40.392522],[-3.639911,40.394714],[-3.639485,40.395858],[-3.634228,40.403767],[-3.628188,40.403854],[-3.627805,40.403753],[-3.626886,40.404431],[-3.626154,40.404021],[-3.625713,40.403839]]]},"properties":{"distrito_codigo":"14","distrito_nombre":"Moratalaz","barrio_codigo":"141","barrio_nombre":"Pavones"}},{"type":"Feature","geometry":{"type":"Polygon","coordinates":[[[-3.621909,40.412992],[-3.620422,40.413012],[-3.62541,40.40344],[-3.625713,40.403839],[-3.626886,40.404431],[-3.627805,40.403753],[-3.628188,40.403854],[-3.634228,40.403767],[-3.633854,40.404336],[-3.631171,40.407623],[-3.628434,40.412591],[-3.627584,40.414322],[-3.624841,40.413413],[-3.622413,40.413017],[-3.621909,40.412992]]]},"properties":{"distrito_codigo":"14","distrito_nombre":"Moratalaz","barrio_codigo":"142","barrio_nombre":"Horcajo"}},{"type":"Feature","geometry":{"type":"Polygon","coordinates":[[[-3.643437,40.414475],[-3.641467,40.414331],[-3.639112,40.414347],[-3.637075,40.414533],[-3.633522,40.415063],[-3.632328,40.415128],[-3.629999,40.414948],[-3.627584,40.414322],[-3.628434,40.412591],[-3.631171,40.407623],[-3.633854,40.404336],[-3.634228,40.403767],[-3.635876,40.403806],[-3.636663,40.404026],[-3.637847,40.404746],[-3.638862,40.40586],[-3.639356,40.405898],[-3.639471,40.406926],[-3.639611,40.407358],[-3.640267,40.408661],[-3.641118,40.409806],[-3.65091,40.405758],[-3.652246,40.407457],[-3.653012,40.408874],[-3.65153,40.412288],[-3.652931,40.412207],[-3.653875,40.412304],[-3.650575,40.415334],[-3.650063,40.416097],[-3.647305,40.415213],[-3.645574,40.414803],[-3.643964,40.414548],[-3.643437,40.414475]]]},"properties":{"distrito_codigo":"14","distrito_nombre":"Moratalaz","barrio_codigo":"143","barrio_nombre":"Marroquina"}},{"type":"Feature","geometry":{"type":"Polygon","coordinates":[[[-3.651194,40.414793],[-3.653875,40.412304],[-3.652931,40.412207],[-3.65153,40.412288],[-3.653012,40.408874],[-3.652246,40.407457],[-3.65114,40.406044],[-3.651868,40.405747],[-3.651856,40.40561],[-3.652816,40.405716],[-3.657599,40.406804],[-3.662938,40.408149],[-3.662936,40.407731],[-3.663277,40.408469],[-3.663597,40.408744],[-3.663998,40.408897],[-3.662918,40.410949],[-3.659364,40.416707],[-3.65896,40.417653],[-3.658733,40.418661],[-3.657993,40.418391],[-3.653634,40.417316],[-3.650063,40.416097],[-3.650575,40.415334],[-3.651194,40.414793]]]},"properties":{"distrito_codigo":"14","distrito_nombre":"Moratalaz","barrio_codigo":"144","barrio_nombre":"Media Legua"}},{"type":"Feature","geometry":{"type":"Polygon","coordinates":[[[-3.662956,40.407819],[-3.662938,40.408149],[-3.657599,40.406804],[-3.652816,40.405716],[-3.651856,40.40561],[-3.651868,40.405747],[-3.65114,40.406044],[-3.650728,40.405352],[-3.647249,40.403795],[-3.646481,40.403643],[-3.644491,40.403542],[-3.642147,40.402664],[-3.639833,40.40244],[-3.636113,40.400948],[-3.639485,40.395858],[-3.639911,40.394714],[-3.64198,40.395183],[-3.643552,40.395752],[-3.645002,40.39668],[-3.653166,40.404024],[-3.654541,40.404911],[-3.655783,40.405396],[-3.657098,40.405704],[-3.665343,40.406319],[-3.665282,40.406423],[-3.664868,40.406388],[-3.663747,40.408818],[-3.663236,40.408423],[-3.662974,40.407882],[-3.662956,40.407819]]]},"properties":{"distrito_codigo":"14","distrito_nombre":"Moratalaz","barrio_codigo":"145","barrio_nombre":"Fontarrón"}},{"type":"Feature","geometry":{"type":"Polygon","coordinates":[[[-3.639351,40.40591],[-3.638862,40.40586],[-3.637847,40.404746],[-3.636663,40.404026],[-3.635876,40.403806],[-3.634228,40.403767],[-3.636113,40.400948],[-3.639833,40.40244],[-3.642147,40.402664],[-3.644491,40.403542],[-3.646481,40.403643],[-3.647223,40.403787],[-3.650728,40.405352],[-3.65091,40.405758],[-3.641118,40.409806],[-3.640267,40.408661],[-3.639611,40.407358],[-3.639346,40.405934],[-3.639351,40.40591]]]},"properties":{"distrito_codigo":"14","distrito_nombre":"Moratalaz","barrio_codigo":"146","barrio_nombre":"Vinateros"}},{"type":"Feature","geometry":{"type":"Polygon","coordinates":[[[-3.645648,40.426581],[-3.640608,40.423898],[-3.639298,40.423386],[-3.638691,40.422798],[-3.629567,40.417854],[-3.626716,40.415837],[-3.627584,40.414322],[-3.629999,40.414948],[-3.632328,40.415128],[-3.633522,40.415063],[-3.637075,40.414533],[-3.639112,40.414347],[-3.64211,40.414357],[-3.644688,40.414649],[-3.648113,40.415431],[-3.653634,40.417316],[-3.657993,40.418391],[-3.658733,40.418661],[-3.658772,40.419428],[-3.659405,40.42357],[-3.660183,40.426921],[-3.660709,40.431375],[-3.648096,40.433129],[-3.646019,40.430413],[-3.64544,40.427429],[-3.645546,40.426752],[-3.645648,40.426581]]]},"properties":{"distrito_codigo":"15","distrito_nombre":"Ciudad Lineal","barrio_codigo":"151","barrio_nombre":"Ventas"}},{"type":"Feature","geometry":{"type":"Polygon","coordinates":[[[-3.629849,40.426763],[-3.628152,40.424501],[-3.624704,40.419474],[-3.623714,40.418109],[-3.622874,40.417138],[-3.621038,40.414519],[-3.620422,40.413012],[-3.621129,40.412975],[-3.622413,40.413017],[-3.623932,40.413215],[-3.625443,40.41358],[-3.627584,40.414322],[-3.626716,40.415837],[-3.629567,40.417854],[-3.638691,40.422798],[-3.639298,40.423386],[-3.640608,40.423898],[-3.645648,40.426581],[-3.64544,40.427429],[-3.646019,40.430413],[-3.648096,40.433129],[-3.638494,40.437721],[-3.6379,40.437904],[-3.629938,40.42688],[-3.629849,40.426763]]]},"properties":{"distrito_codigo":"15","distrito_nombre":"Ciudad Lineal","barrio_codigo":"152","barrio_nombre":"Pueblo Nuevo"}},{"type":"Feature","geometry":{"type":"Polygon","coordinates":[[[-3.639957,40.43702],[-3.647946,40.433167],[-3.655277,40.432118],[-3.655751,40.434171],[-3.655722,40.434575],[-3.654779,40.434488],[-3.652914,40.434742],[-3.65294,40.434863],[-3.652818,40.434964],[-3.646492,40.438021],[-3.645954,40.439231],[-3.645759,40.439432],[-3.638271,40.442612],[-3.635343,40.438583],[-3.638437,40.437747],[-3.639909,40.437043],[-3.639957,40.43702]]]},"properties":{"distrito_codigo":"15","distrito_nombre":"Ciudad Lineal","barrio_codigo":"153","barrio_nombre":"Quintana"}},{"type":"Feature","geometry":{"type":"Polygon","coordinates":[[[-3.648592,40.43701],[-3.652818,40.434964],[-3.65294,40.434863],[-3.652914,40.434742],[-3.654779,40.434488],[-3.655722,40.434575],[-3.655751,40.434171],[-3.655277,40.432118],[-3.660709,40.431375],[-3.66059,40.432392],[-3.659736,40.436377],[-3.656171,40.435926],[-3.655855,40.436237],[-3.654904,40.436842],[-3.654393,40.436636],[-3.653816,40.438032],[-3.650317,40.439746],[-3.649492,40.440428],[-3.64965,40.440531],[-3.649322,40.441424],[-3.644795,40.446948],[-3.640156,40.444652],[-3.639073,40.44368],[-3.638271,40.442612],[-3.645759,40.439432],[-3.645954,40.439231],[-3.646492,40.438021],[-3.648479,40.437065],[-3.648592,40.43701]]]},"properties":{"distrito_codigo":"15","distrito_nombre":"Ciudad Lineal","barrio_codigo":"154","barrio_nombre":"Concepción"}},{"type":"Feature","geometry":{"type":"Polygon","coordinates":[[[-3.645214,40.446426],[-3.649322,40.441424],[-3.64965,40.440531],[-3.649492,40.440428],[-3.649761,40.440143],[-3.650439,40.43968],[-3.653761,40.438069],[-3.653947,40.437865],[-3.654393,40.436636],[-3.654904,40.436842],[-3.655855,40.436237],[-3.656171,40.435926],[-3.659736,40.436377],[-3.659217,40.438967],[-3.659185,40.44083],[-3.659597,40.442537],[-3.66061,40.444591],[-3.655789,40.446303],[-3.655737,40.446184],[-3.655185,40.446372],[-3.647912,40.449398],[-3.647392,40.448627],[-3.647232,40.448612],[-3.646271,40.447677],[-3.644795,40.446948],[-3.645196,40.446449],[-3.645214,40.446426]]]},"properties":{"distrito_codigo":"15","distrito_nombre":"Ciudad Lineal","barrio_codigo":"155","barrio_nombre":"San Pascual"}},{"type":"Feature","geometry":{"type":"Polygon","coordinates":[[[-3.655342,40.446314],[-3.655737,40.446184],[-3.655789,40.446303],[-3.66061,40.444591],[-3.661275,40.445787],[-3.662141,40.448138],[-3.662728,40.450424],[-3.663171,40.45313],[-3.660176,40.453959],[-3.654106,40.456926],[-3.651243,40.453721],[-3.647912,40.449398],[-3.655185,40.446372],[-3.655342,40.446314]]]},"properties":{"distrito_codigo":"15","distrito_nombre":"Ciudad Lineal","barrio_codigo":"156","barrio_nombre":"San Juan Bautista"}},{"type":"Feature","geometry":{"type":"Polygon","coordinates":[[[-3.66297,40.453181],[-3.663171,40.45313],[-3.663516,40.455772],[-3.663945,40.457504],[-3.664999,40.460019],[-3.664264,40.460325],[-3.663691,40.460743],[-3.663516,40.461177],[-3.663733,40.461851],[-3.661967,40.463383],[-3.656186,40.459412],[-3.654106,40.456926],[-3.660176,40.453959],[-3.662723,40.453244],[-3.66297,40.453181]]]},"properties":{"distrito_codigo":"15","distrito_nombre":"Ciudad Lineal","barrio_codigo":"157","barrio_nombre":"Colina"}},{"type":"Feature","geometry":{"type":"Polygon","coordinates":[[[-3.66486,40.460076],[-3.664999,40.460019],[-3.667315,40.464634],[-3.668467,40.466672],[-3.663366,40.467522],[-3.662408,40.464107],[-3.661967,40.463383],[-3.663733,40.461851],[-3.663516,40.461177],[-3.663691,40.460743],[-3.664264,40.460325],[-3.664837,40.460085],[-3.66486,40.460076]]]},"properties":{"distrito_codigo":"15","distrito_nombre":"Ciudad Lineal","barrio_codigo":"158","barrio_nombre":"Atalaya"}},{"type":"Feature","geometry":{"type":"Polygon","coordinates":[[[-3.6692,40.484108],[-3.666019,40.483878],[-3.660098,40.482978],[-3.665123,40.478088],[-3.665529,40.477299],[-3.665668,40.47618],[-3.663366,40.467522],[-3.668467,40.466672],[-3.669703,40.468514],[-3.672311,40.471629],[-3.673178,40.472934],[-3.674019,40.474803],[-3.674283,40.475844],[-3.674442,40.477273],[-3.674387,40.478797],[-3.6737,40.482186],[-3.673478,40.484004],[-3.669602,40.484111],[-3.6692,40.484108]]]},"properties":{"distrito_codigo":"15","distrito_nombre":"Ciudad Lineal","barrio_codigo":"159","barrio_nombre":"Costillares"}},{"type":"Feature","geometry":{"type":"Polygon","coordinates":[[[-3.605894,40.4531],[-3.60538,40.45275],[-3.604541,40.453362],[-3.604348,40.45314],[-3.603757,40.452108],[-3.603276,40.449816],[-3.605593,40.449637],[-3.608219,40.449597],[-3.619607,40.449665],[-3.626212,40.44947],[-3.626529,40.451848],[-3.626438,40.452404],[-3.62621,40.452808],[-3.625756,40.453227],[-3.621003,40.455041],[-3.619587,40.455701],[-3.618842,40.456326],[-3.617574,40.457803],[-3.61784,40.458028],[-3.617849,40.458262],[-3.617709,40.458444],[-3.613341,40.456019],[-3.612049,40.455395],[-3.612087,40.455273],[-3.607093,40.453641],[-3.60612,40.453223],[-3.605894,40.4531]]]},"properties":{"distrito_codigo":"16","distrito_nombre":"Hortaleza","barrio_codigo":"161","barrio_nombre":"Palomas"}},{"type":"Feature","geometry":{"type":"Polygon","coordinates":[[[-3.62353,40.462759],[-3.623333,40.462508],[-3.62318,40.462591],[-3.622271,40.461545],[-3.621228,40.460574],[-3.619471,40.459404],[-3.617709,40.458444],[-3.617849,40.458262],[-3.61784,40.458028],[-3.617574,40.457803],[-3.618842,40.456326],[-3.619587,40.455701],[-3.620512,40.455239],[-3.625756,40.453227],[-3.625946,40.453081],[-3.62621,40.452808],[-3.62652,40.452071],[-3.626212,40.44947],[-3.630764,40.449326],[-3.635841,40.448589],[-3.636917,40.448521],[-3.63863,40.448642],[-3.645815,40.449771],[-3.646883,40.449712],[-3.647912,40.449398],[-3.651243,40.453721],[-3.654106,40.456926],[-3.653431,40.457079],[-3.651283,40.457174],[-3.648395,40.457126],[-3.644281,40.457264],[-3.641584,40.46045],[-3.638991,40.462218],[-3.638019,40.462555],[-3.636855,40.46267],[-3.633786,40.462689],[-3.623925,40.46262],[-3.62353,40.462759]]]},"properties":{"distrito_codigo":"16","distrito_nombre":"Hortaleza","barrio_codigo":"162","barrio_nombre":"Piovera"}},{"type":"Feature","geometry":{"type":"Polygon","coordinates":[[[-3.6425,40.469129],[-3.641571,40.469045],[-3.638274,40.469059],[-3.633957,40.468631],[-3.633608,40.468724],[-3.633426,40.46897],[-3.628407,40.468375],[-3.627999,40.468473],[-3.62353,40.462759],[-3.623925,40.46262],[-3.624492,40.462609],[-3.633786,40.462689],[-3.636855,40.46267],[-3.638019,40.462555],[-3.638991,40.462218],[-3.641584,40.46045],[-3.644281,40.457264],[-3.648395,40.457126],[-3.651283,40.457174],[-3.653431,40.457079],[-3.654106,40.456926],[-3.656186,40.459412],[-3.66025,40.462207],[-3.659175,40.463128],[-3.659095,40.463444],[-3.659248,40.463992],[-3.659005,40.464547],[-3.657479,40.465922],[-3.655732,40.466675],[-3.650684,40.467323],[-3.64293,40.469377],[-3.642775,40.469207],[-3.642515,40.46913],[-3.6425,40.469129]]]},"properties":{"distrito_codigo":"16","distrito_nombre":"Hortaleza","barrio_codigo":"163","barrio_nombre":"Canillas"}},{"type":"Feature","geometry":{"type":"Polygon","coordinates":[[[-3.639596,40.477859],[-3.637898,40.47678],[-3.632724,40.47293],[-3.629805,40.47041],[-3.627999,40.468473],[-3.628407,40.468375],[-3.633426,40.46897],[-3.633608,40.468724],[-3.633957,40.468631],[-3.638274,40.469059],[-3.642158,40.469076],[-3.6427,40.46917],[-3.64293,40.469377],[-3.650684,40.467323],[-3.654496,40.466868],[-3.656268,40.466507],[-3.657479,40.465922],[-3.659005,40.464547],[-3.659248,40.463992],[-3.659095,40.463444],[-3.659175,40.463128],[-3.66025,40.462207],[-3.661961,40.463375],[-3.662174,40.463651],[-3.662408,40.464107],[-3.663366,40.467522],[-3.662798,40.467648],[-3.662152,40.467932],[-3.659396,40.470175],[-3.657344,40.471482],[-3.656367,40.472805],[-3.655785,40.47382],[-3.655272,40.475086],[-3.653982,40.477001],[-3.650268,40.480838],[-3.650046,40.481198],[-3.641931,40.479703],[-3.641873,40.478615],[-3.639958,40.478046],[-3.639596,40.477859]]]},"properties":{"distrito_codigo":"16","distrito_nombre":"Hortaleza","barrio_codigo":"164","barrio_nombre":"Pinar del Rey"}},{"type":"Feature","geometry":{"type":"Polygon","coordinates":[[[-3.65331,40.477692],[-3.653982,40.477001],[-3.655026,40.475474],[-3.655272,40.475086],[-3.655785,40.47382],[-3.656367,40.472805],[-3.657344,40.471482],[-3.659396,40.470175],[-3.662152,40.467932],[-3.662798,40.467648],[-3.663366,40.467522],[-3.665668,40.47618],[-3.665529,40.477299],[-3.665123,40.478088],[-3.660098,40.482978],[-3.650046,40.481198],[-3.650268,40.480838],[-3.652745,40.478272],[-3.65331,40.477692]]]},"properties":{"distrito_codigo":"16","distrito_nombre":"Hortaleza","barrio_codigo":"165","barrio_nombre":"Apóstol Santiago"}},{"type":"Feature","geometry":{"type":"Polygon","coordinates":[[[-3.643734,40.507991],[-3.643148,40.507973],[-3.641942,40.508213],[-3.641011,40.508011],[-3.639465,40.50789],[-3.633557,40.507826],[-3.633187,40.50766],[-3.631437,40.508404],[-3.62834,40.508229],[-3.625275,40.509311],[-3.62335,40.508951],[-3.622586,40.508972],[-3.621315,40.509795],[-3.620767,40.509984],[-3.617672,40.510086],[-3.616879,40.510442],[-3.614937,40.510809],[-3.614133,40.510689],[-3.614135,40.510319],[-3.614039,40.510136],[-3.612669,40.509217],[-3.611606,40.508976],[-3.611155,40.509035],[-3.609036,40.507248],[-3.608124,40.506685],[-3.606551,40.505942],[-3.606139,40.505501],[-3.605793,40.504223],[-3.605292,40.503661],[-3.609358,40.502127],[-3.608771,40.501895],[-3.608544,40.50162],[-3.608497,40.500986],[-3.608747,40.500924],[-3.608867,40.500751],[-3.609407,40.500769],[-3.612336,40.499721],[-3.612325,40.495379],[-3.612899,40.493933],[-3.614109,40.494105],[-3.614127,40.49294],[-3.613406,40.492833],[-3.612683,40.492507],[-3.612261,40.49219],[-3.611974,40.491294],[-3.612135,40.490615],[-3.617583,40.484753],[-3.617617,40.48456],[-3.617525,40.484395],[-3.616616,40.483751],[-3.617615,40.482728],[-3.618139,40.482888],[-3.618661,40.482735],[-3.618882,40.482467],[-3.618893,40.48216],[-3.624957,40.482198],[-3.625155,40.48184],[-3.625613,40.481645],[-3.625631,40.476973],[-3.625805,40.47653],[-3.625626,40.476328],[-3.62582,40.476137],[-3.625726,40.475427],[-3.626073,40.475337],[-3.626079,40.47517],[-3.626438,40.474814],[-3.625621,40.473161],[-3.625197,40.47304],[-3.625309,40.472705],[-3.623999,40.47245],[-3.62386,40.472066],[-3.624021,40.471969],[-3.624071,40.471817],[-3.623917,40.471629],[-3.624313,40.470998],[-3.624585,40.469957],[-3.624553,40.469251],[-3.624409,40.468928],[-3.624577,40.468709],[-3.627999,40.468473],[-3.629805,40.47041],[-3.631746,40.472122],[-3.634286,40.474135],[-3.637898,40.47678],[-3.639958,40.478046],[-3.641873,40.478615],[-3.641931,40.479703],[-3.657218,40.482514],[-3.66486,40.483725],[-3.667201,40.483997],[-3.6692,40.484108],[-3.673272,40.484013],[-3.673028,40.486866],[-3.672782,40.488473],[-3.672338,40.489949],[-3.671572,40.4913],[-3.670436,40.492497],[-3.66256,40.498842],[-3.661776,40.499635],[-3.659567,40.502246],[-3.658566,40.503627],[-3.658149,40.504544],[-3.658001,40.50523],[-3.658124,40.509227],[-3.657936,40.510524],[-3.657586,40.511428],[-3.657211,40.512027],[-3.65608,40.513106],[-3.654443,40.512797],[-3.652291,40.511446],[-3.652359,40.511131],[-3.649591,40.510907],[-3.648397,40.510634],[-3.647883,40.510385],[-3.644285,40.508066],[-3.643909,40.508018],[-3.643734,40.507991]]]},"properties":{"distrito_codigo":"16","distrito_nombre":"Hortaleza","barrio_codigo":"166","barrio_nombre":"Valdefuentes"}},{"type":"Feature","geometry":{"type":"Polygon","coordinates":[[[-3.70275,40.347532],[-3.703214,40.347515],[-3.702455,40.346454],[-3.701985,40.345612],[-3.701733,40.344525],[-3.701741,40.344193],[-3.701911,40.343768],[-3.701085,40.343787],[-3.697252,40.344805],[-3.696695,40.34479],[-3.695674,40.345208],[-3.692869,40.345878],[-3.692247,40.325765],[-3.692188,40.320497],[-3.692928,40.32012],[-3.696071,40.322228],[-3.699534,40.322358],[-3.703033,40.322132],[-3.709986,40.323412],[-3.712451,40.323505],[-3.712816,40.325639],[-3.714354,40.32807],[-3.720077,40.330818],[-3.723574,40.333564],[-3.724835,40.334997],[-3.720885,40.364866],[-3.717804,40.36481],[-3.712226,40.364222],[-3.707683,40.363999],[-3.705063,40.363758],[-3.706976,40.355773],[-3.706898,40.354607],[-3.706447,40.353442],[-3.705816,40.352667],[-3.700636,40.34858],[-3.701804,40.347719],[-3.702514,40.347559],[-3.70275,40.347532]]]},"properties":{"distrito_codigo":"17","distrito_nombre":"Villaverde","barrio_codigo":"171","barrio_nombre":"San Andrés"}},{"type":"Feature","geometry":{"type":"Polygon","coordinates":[[[-3.683678,40.342734],[-3.683712,40.340282],[-3.683992,40.338534],[-3.684678,40.337008],[-3.685982,40.335306],[-3.686855,40.334588],[-3.68876,40.333506],[-3.689898,40.333156],[-3.692462,40.332673],[-3.692869,40.345878],[-3.687866,40.347088],[-3.686003,40.3479],[-3.68485,40.348758],[-3.684284,40.349447],[-3.683913,40.35031],[-3.683735,40.351145],[-3.683628,40.351222],[-3.683544,40.350049],[-3.6837,40.346329],[-3.683655,40.343565],[-3.683678,40.342734]]]},"properties":{"distrito_codigo":"17","distrito_nombre":"Villaverde","barrio_codigo":"172","barrio_nombre":"San Cristóbal"}},{"type":"Feature","geometry":{"type":"Polygon","coordinates":[[[-3.676728,40.35549],[-3.67609,40.353951],[-3.675485,40.353683],[-3.674559,40.353539],[-3.673764,40.353023],[-3.673314,40.351178],[-3.672946,40.350587],[-3.672314,40.350209],[-3.671024,40.34989],[-3.670164,40.34951],[-3.66981,40.349282],[-3.66942,40.348818],[-3.669111,40.34819],[-3.668919,40.346906],[-3.669414,40.345552],[-3.669313,40.345303],[-3.668676,40.344906],[-3.667251,40.344493],[-3.66589,40.34433],[-3.665343,40.344173],[-3.66499,40.343911],[-3.663733,40.342391],[-3.663352,40.341483],[-3.663296,40.34111],[-3.662931,40.340576],[-3.662874,40.339735],[-3.662686,40.338978],[-3.661627,40.338057],[-3.66129,40.336937],[-3.660886,40.336129],[-3.660452,40.335516],[-3.659444,40.334547],[-3.658813,40.333402],[-3.657541,40.329976],[-3.657365,40.328963],[-3.659821,40.327873],[-3.66073,40.327811],[-3.661507,40.327956],[-3.663239,40.328959],[-3.663806,40.328993],[-3.664956,40.328468],[-3.665132,40.328209],[-3.666637,40.327183],[-3.666917,40.326685],[-3.667298,40.326303],[-3.668871,40.325249],[-3.669523,40.325014],[-3.670593,40.325009],[-3.6729,40.325712],[-3.674012,40.32594],[-3.67599,40.326019],[-3.676998,40.326346],[-3.679115,40.326405],[-3.67988,40.326095],[-3.680278,40.325821],[-3.68061,40.325361],[-3.680844,40.324706],[-3.681202,40.324416],[-3.682261,40.323683],[-3.683505,40.323274],[-3.684528,40.322518],[-3.687521,40.322074],[-3.690965,40.321121],[-3.692188,40.320497],[-3.692462,40.332673],[-3.689898,40.333156],[-3.68876,40.333506],[-3.686855,40.334588],[-3.685982,40.335306],[-3.684919,40.33664],[-3.684236,40.337856],[-3.683883,40.33893],[-3.683712,40.340282],[-3.6837,40.346329],[-3.683544,40.350049],[-3.683628,40.351222],[-3.683809,40.351375],[-3.683784,40.354602],[-3.683971,40.354666],[-3.684045,40.354816],[-3.683958,40.354961],[-3.683755,40.355015],[-3.683686,40.355546],[-3.683337,40.356638],[-3.682616,40.357788],[-3.680974,40.35956],[-3.679846,40.35875],[-3.679345,40.358268],[-3.67745,40.35734],[-3.677004,40.356463],[-3.676728,40.35549]]]},"properties":{"distrito_codigo":"17","distrito_nombre":"Villaverde","barrio_codigo":"173","barrio_nombre":"Butarque"}},{"type":"Feature","geometry":{"type":"Polygon","coordinates":[[[-3.68185,40.361157],[-3.680974,40.35956],[-3.682975,40.357295],[-3.683337,40.356638],[-3.683686,40.355546],[-3.683755,40.355015],[-3.684037,40.354858],[-3.683993,40.354686],[-3.683784,40.354602],[-3.683809,40.351375],[-3.683628,40.351222],[-3.683735,40.351145],[-3.683913,40.35031],[-3.684284,40.349447],[-3.68485,40.348758],[-3.685533,40.348205],[-3.687081,40.347378],[-3.687866,40.347088],[-3.692869,40.345878],[-3.692993,40.34934],[-3.692924,40.352734],[-3.693079,40.356841],[-3.693828,40.364569],[-3.691235,40.364361],[-3.688962,40.363892],[-3.683599,40.362029],[-3.682034,40.361738],[-3.681859,40.361238],[-3.68185,40.361157]]]},"properties":{"distrito_codigo":"17","distrito_nombre":"Villaverde","barrio_codigo":"174","barrio_nombre":"Los Rosales"}},{"type":"Feature","geometry":{"type":"Polygon","coordinates":[[[-3.693771,40.364024],[-3.693079,40.356841],[-3.692924,40.352734],[-3.692993,40.34934],[-3.692869,40.345878],[-3.695674,40.345208],[-3.696695,40.34479],[-3.697252,40.344805],[-3.701085,40.343787],[-3.701911,40.343768],[-3.701741,40.344193],[-3.701733,40.344525],[-3.701985,40.345612],[-3.702455,40.346454],[-3.703214,40.347515],[-3.701874,40.347686],[-3.700636,40.34858],[-3.705888,40.352739],[-3.706245,40.35314],[-3.706655,40.353855],[-3.70685,40.354381],[-3.706964,40.355099],[-3.706976,40.355773],[-3.705063,40.363758],[-3.703468,40.363638],[-3.702273,40.36367],[-3.700837,40.36386],[-3.698412,40.36436],[-3.696584,40.364559],[-3.693828,40.364569],[-3.693813,40.364408],[-3.693771,40.364024]]]},"properties":{"distrito_codigo":"17","distrito_nombre":"Villaverde","barrio_codigo":"175","barrio_nombre":"Los Ángeles"}},{"type":"Feature","geometry":{"type":"Polygon","coordinates":[[[-3.618293,40.380826],[-3.618267,40.380733],[-3.617466,40.380859],[-3.617204,40.380131],[-3.617171,40.37948],[-3.614249,40.379353],[-3.611097,40.378964],[-3.603427,40.375996],[-3.602381,40.376252],[-3.601604,40.376317],[-3.600678,40.376672],[-3.599841,40.375295],[-3.599222,40.374685],[-3.598585,40.374237],[-3.589406,40.369797],[-3.585464,40.367767],[-3.58459,40.367455],[-3.583683,40.367281],[-3.579632,40.367077],[-3.578691,40.366919],[-3.577866,40.36666],[-3.576955,40.366203],[-3.570313,40.361746],[-3.569549,40.36135],[-3.566759,40.360359],[-3.561292,40.359129],[-3.556073,40.357645],[-3.555154,40.357242],[-3.554454,40.356789],[-3.553452,40.35573],[-3.554639,40.35432],[-3.556546,40.353111],[-3.5576,40.352678],[-3.558824,40.350282],[-3.560651,40.349189],[-3.562066,40.347107],[-3.56527,40.344391],[-3.568156,40.340916],[-3.569855,40.337644],[-3.571792,40.334627],[-3.572648,40.333672],[-3.575191,40.331874],[-3.576673,40.330263],[-3.57943,40.327962],[-3.582397,40.326268],[-3.584273,40.322576],[-3.58498,40.320428],[-3.584983,40.318367],[-3.583727,40.315825],[-3.582319,40.316153],[-3.581795,40.315894],[-3.580394,40.31598],[-3.579192,40.31588],[-3.577705,40.31466],[-3.576037,40.314897],[-3.577878,40.313904],[-3.580565,40.313803],[-3.583381,40.313319],[-3.587345,40.312803],[-3.595248,40.312362],[-3.598168,40.312077],[-3.600107,40.312345],[-3.606294,40.313482],[-3.60803,40.313677],[-3.61106,40.314325],[-3.613786,40.315601],[-3.615874,40.317774],[-3.617359,40.318203],[-3.619917,40.319129],[-3.623443,40.319861],[-3.624602,40.320438],[-3.625891,40.319248],[-3.628128,40.319907],[-3.630742,40.321003],[-3.631751,40.321595],[-3.633901,40.323099],[-3.635084,40.324028],[-3.634905,40.324161],[-3.635586,40.324773],[-3.637739,40.326163],[-3.639721,40.327606],[-3.640492,40.328073],[-3.641275,40.328325],[-3.64276,40.329141],[-3.643134,40.329418],[-3.643889,40.3303],[-3.644415,40.330756],[-3.649099,40.33338],[-3.649368,40.332725],[-3.64957,40.332539],[-3.649959,40.332354],[-3.650188,40.332412],[-3.654952,40.330032],[-3.657365,40.328963],[-3.657541,40.329976],[-3.658813,40.333402],[-3.659444,40.334547],[-3.660452,40.335516],[-3.660886,40.336129],[-3.66129,40.336937],[-3.661627,40.338057],[-3.662686,40.338978],[-3.662874,40.339735],[-3.662931,40.340576],[-3.663296,40.34111],[-3.663352,40.341483],[-3.663733,40.342391],[-3.66499,40.343911],[-3.665343,40.344173],[-3.66589,40.34433],[-3.667251,40.344493],[-3.668676,40.344906],[-3.669313,40.345303],[-3.669414,40.345552],[-3.668919,40.346906],[-3.669136,40.348276],[-3.669635,40.349093],[-3.670127,40.349489],[-3.670923,40.349853],[-3.672047,40.350111],[-3.672946,40.350587],[-3.673314,40.351178],[-3.673648,40.352788],[-3.673809,40.353075],[-3.674559,40.353539],[-3.675485,40.353683],[-3.67609,40.353951],[-3.676728,40.35549],[-3.677219,40.357007],[-3.67745,40.35734],[-3.679345,40.358268],[-3.679846,40.35875],[-3.680974,40.35956],[-3.681345,40.360133],[-3.682034,40.361738],[-3.680849,40.361776],[-3.678894,40.362045],[-3.67813,40.362063],[-3.676927,40.361849],[-3.675749,40.361369],[-3.67491,40.361149],[-3.673562,40.361115],[-3.671272,40.361471],[-3.669521,40.361882],[-3.667814,40.36247],[-3.666447,40.363098],[-3.661692,40.365827],[-3.658012,40.368363],[-3.656171,40.369311],[-3.655091,40.370033],[-3.654475,40.370814],[-3.654031,40.372413],[-3.653276,40.374494],[-3.652832,40.375444],[-3.652416,40.376041],[-3.650738,40.376158],[-3.648681,40.376505],[-3.619106,40.383332],[-3.618708,40.382588],[-3.617278,40.381413],[-3.618128,40.380911],[-3.618293,40.380826]]]},"properties":{"distrito_codigo":"18","distrito_nombre":"Villa de Vallecas","barrio_codigo":"181","barrio_nombre":"Casco Histórico de Vallecas"}},{"type":"Feature","geometry":{"type":"Polygon","coordinates":[[[-3.606665,40.386367],[-3.606442,40.3862],[-3.605891,40.386594],[-3.605639,40.386553],[-3.605193,40.386001],[-3.604741,40.386412],[-3.604023,40.386732],[-3.603305,40.386687],[-3.602393,40.386408],[-3.601854,40.38597],[-3.601727,40.385724],[-3.601405,40.383581],[-3.601061,40.383238],[-3.601031,40.382998],[-3.600762,40.382719],[-3.600208,40.382428],[-3.599273,40.382315],[-3.597607,40.379688],[-3.59883,40.378969],[-3.599036,40.378745],[-3.59948,40.377861],[-3.599733,40.377862],[-3.599914,40.377732],[-3.599931,40.377542],[-3.599781,40.377398],[-3.600033,40.377092],[-3.600819,40.3766],[-3.601604,40.376317],[-3.602381,40.376252],[-3.603427,40.375996],[-3.61128,40.379003],[-3.614249,40.379353],[-3.617171,40.37948],[-3.617204,40.380131],[-3.617466,40.380859],[-3.618267,40.380733],[-3.618293,40.380826],[-3.617278,40.381413],[-3.618708,40.382588],[-3.619106,40.383332],[-3.624355,40.382122],[-3.625026,40.382778],[-3.625275,40.383284],[-3.625096,40.383456],[-3.625199,40.383662],[-3.624691,40.384176],[-3.62416,40.385091],[-3.621797,40.390754],[-3.61069,40.388326],[-3.609394,40.387883],[-3.60838,40.387419],[-3.606938,40.386565],[-3.606665,40.386367]]]},"properties":{"distrito_codigo":"18","distrito_nombre":"Villa de Vallecas","barrio_codigo":"182","barrio_nombre":"Santa Eugenia"}},{"type":"Feature","geometry":{"type":"Polygon","coordinates":[[[-3.576095,40.413092],[-3.572811,40.411779],[-3.572221,40.41193],[-3.570688,40.41203],[-3.568537,40.412897],[-3.566087,40.413355],[-3.564494,40.413541],[-3.561101,40.413368],[-3.558778,40.413168],[-3.557712,40.412879],[-3.556208,40.412295],[-3.553314,40.4117],[-3.550313,40.411963],[-3.549195,40.412335],[-3.539678,40.410441],[-3.53968,40.411398],[-3.539576,40.411603],[-3.538201,40.411439],[-3.537814,40.411754],[-3.537787,40.412251],[-3.537483,40.412485],[-3.536791,40.412607],[-3.536123,40.412529],[-3.536035,40.412921],[-3.535539,40.413163],[-3.535078,40.414426],[-3.533902,40.414192],[-3.532713,40.414125],[-3.531775,40.414257],[-3.530643,40.414652],[-3.530137,40.414726],[-3.531101,40.420096],[-3.527517,40.417679],[-3.524975,40.416302],[-3.524421,40.415369],[-3.522621,40.414224],[-3.52216,40.413827],[-3.520844,40.412104],[-3.520216,40.410617],[-3.519689,40.409995],[-3.519826,40.409938],[-3.519161,40.408864],[-3.519293,40.406947],[-3.519182,40.4056],[-3.518982,40.404649],[-3.518326,40.403414],[-3.518158,40.402839],[-3.518178,40.401917],[-3.518422,40.400675],[-3.519508,40.397865],[-3.520228,40.39379],[-3.520317,40.392114],[-3.5225,40.391877],[-3.524254,40.390855],[-3.526801,40.389807],[-3.529061,40.389397],[-3.531996,40.391436],[-3.532772,40.391702],[-3.537252,40.391326],[-3.542373,40.393133],[-3.542567,40.392698],[-3.543198,40.390398],[-3.54404,40.388275],[-3.544665,40.387181],[-3.545074,40.386853],[-3.545423,40.386248],[-3.545753,40.385109],[-3.546181,40.384405],[-3.547878,40.382138],[-3.548669,40.381433],[-3.549156,40.380559],[-3.549193,40.380172],[-3.549041,40.378655],[-3.548668,40.377502],[-3.548641,40.376964],[-3.54878,40.376717],[-3.550085,40.375877],[-3.550558,40.375324],[-3.550781,40.374853],[-3.551135,40.37368],[-3.551182,40.372248],[-3.551054,40.371774],[-3.551141,40.37131],[-3.5511,40.37042],[-3.551164,40.370226],[-3.551369,40.370181],[-3.55168,40.368325],[-3.552109,40.367523],[-3.552237,40.366816],[-3.552787,40.365996],[-3.555509,40.364112],[-3.555364,40.36392],[-3.555535,40.363812],[-3.555555,40.363129],[-3.555951,40.362315],[-3.555991,40.36187],[-3.555682,40.360641],[-3.555628,40.359851],[-3.555413,40.359443],[-3.552825,40.361502],[-3.552712,40.361289],[-3.552817,40.357693],[-3.553203,40.356026],[-3.553452,40.35573],[-3.554454,40.356789],[-3.555154,40.357242],[-3.556073,40.357645],[-3.561292,40.359129],[-3.566759,40.360359],[-3.569168,40.361189],[-3.570313,40.361746],[-3.576724,40.366054],[-3.577629,40.36656],[-3.579266,40.367031],[-3.583401,40.367248],[-3.584979,40.367567],[-3.589406,40.369797],[-3.597739,40.373783],[-3.599051,40.374549],[-3.599978,40.375467],[-3.600678,40.376672],[-3.599944,40.37718],[-3.599781,40.377398],[-3.599931,40.377542],[-3.599914,40.377732],[-3.599733,40.377862],[-3.59948,40.377861],[-3.599036,40.378745],[-3.59883,40.378969],[-3.597607,40.379688],[-3.599273,40.382315],[-3.600208,40.382428],[-3.600762,40.382719],[-3.601031,40.382998],[-3.601061,40.383238],[-3.601405,40.383581],[-3.601727,40.385724],[-3.601854,40.38597],[-3.602393,40.386408],[-3.603672,40.386755],[-3.60445,40.386572],[-3.604913,40.386298],[-3.605193,40.386001],[-3.605639,40.386553],[-3.605891,40.386594],[-3.606442,40.3862],[-3.60838,40.387419],[-3.609653,40.387984],[-3.610831,40.388365],[-3.629863,40.392522],[-3.627974,40.395876],[-3.627358,40.397174],[-3.626091,40.401907],[-3.625624,40.403009],[-3.62397,40.40621],[-3.618301,40.405712],[-3.616933,40.405679],[-3.614812,40.404789],[-3.60988,40.404166],[-3.609061,40.403599],[-3.608839,40.403864],[-3.609093,40.406033],[-3.608298,40.406077],[-3.608057,40.406236],[-3.604974,40.406185],[-3.605087,40.405842],[-3.603494,40.405705],[-3.601785,40.40506],[-3.598449,40.403601],[-3.597657,40.404622],[-3.595161,40.403564],[-3.594318,40.403995],[-3.593681,40.403891],[-3.593438,40.403989],[-3.593268,40.403806],[-3.592944,40.403758],[-3.592309,40.403958],[-3.589976,40.40609],[-3.589563,40.406576],[-3.588824,40.407743],[-3.588274,40.409059],[-3.587941,40.409572],[-3.583786,40.414354],[-3.583271,40.415244],[-3.582964,40.416028],[-3.582831,40.417984],[-3.582593,40.418762],[-3.580543,40.422053],[-3.579067,40.42412],[-3.577809,40.425609],[-3.577463,40.426575],[-3.577217,40.426527],[-3.577394,40.426024],[-3.575164,40.425585],[-3.576189,40.423904],[-3.57688,40.421632],[-3.577559,40.420258],[-3.57822,40.419262],[-3.578702,40.418319],[-3.579442,40.417349],[-3.577965,40.415001],[-3.578097,40.414852],[-3.577551,40.413674],[-3.577285,40.413568],[-3.576095,40.413092]]]},"properties":{"distrito_codigo":"19","distrito_nombre":"Vicálvaro","barrio_codigo":"191","barrio_nombre":"Casco Histórico de Vicálvaro"}},{"type":"Feature","geometry":{"type":"Polygon","coordinates":[[[-3.610468,40.416258],[-3.610242,40.414433],[-3.610265,40.413756],[-3.609832,40.413722],[-3.60948,40.413504],[-3.609345,40.413187],[-3.609453,40.412865],[-3.607239,40.412387],[-3.601614,40.411595],[-3.596774,40.410687],[-3.592593,40.409637],[-3.588565,40.408341],[-3.588824,40.407743],[-3.589563,40.406576],[-3.592073,40.404115],[-3.592944,40.403758],[-3.593268,40.403806],[-3.593438,40.403989],[-3.593681,40.403891],[-3.594318,40.403995],[-3.595161,40.403564],[-3.597657,40.404622],[-3.598449,40.403601],[-3.601785,40.40506],[-3.603494,40.405705],[-3.605087,40.405842],[-3.604974,40.406185],[-3.608057,40.406236],[-3.608298,40.406077],[-3.609093,40.406033],[-3.608839,40.403864],[-3.609061,40.403599],[-3.60988,40.404166],[-3.614812,40.404789],[-3.616933,40.405679],[-3.618301,40.405712],[-3.62397,40.40621],[-3.620279,40.413267],[-3.619771,40.414025],[-3.619165,40.414622],[-3.618295,40.415235],[-3.617515,40.415604],[-3.610789,40.418026],[-3.610632,40.41689],[-3.610468,40.416258]]]},"properties":{"distrito_codigo":"19","distrito_nombre":"Vicálvaro","barrio_codigo":"192","barrio_nombre":"Valdebernardo"}},{"type":"Feature","geometry":{"type":"Polygon","coordinates":[[[-3.613053,40.436936],[-3.612388,40.435766],[-3.612098,40.434535],[-3.615661,40.433816],[-3.619798,40.433714],[-3.621505,40.43307],[-3.622457,40.429388],[-3.622962,40.428534],[-3.628152,40.424501],[-3.631589,40.429121],[-3.6379,40.437904],[-3.625547,40.441225],[-3.616842,40.443689],[-3.613087,40.436996],[-3.613053,40.436936]]]},"properties":{"distrito_codigo":"20","distrito_nombre":"San Blas-Canillejas","barrio_codigo":"201","barrio_nombre":"Simancas"}},{"type":"Feature","geometry":{"type":"Polygon","coordinates":[[[-3.611963,40.43398],[-3.610959,40.429715],[-3.6109,40.429026],[-3.611254,40.428517],[-3.612411,40.427479],[-3.613234,40.427989],[-3.614964,40.428009],[-3.615521,40.429547],[-3.620308,40.429046],[-3.622728,40.427889],[-3.624117,40.426377],[-3.6247,40.425951],[-3.625149,40.425759],[-3.625599,40.426438],[-3.623116,40.428364],[-3.622681,40.42894],[-3.622401,40.42958],[-3.621505,40.43307],[-3.619798,40.433714],[-3.615661,40.433816],[-3.612098,40.434535],[-3.611969,40.434011],[-3.611963,40.43398]]]},"properties":{"distrito_codigo":"20","distrito_nombre":"San Blas-Canillejas","barrio_codigo":"202","barrio_nombre":"Hellín"}},{"type":"Feature","geometry":{"type":"Polygon","coordinates":[[[-3.615166,40.427949],[-3.617819,40.426957],[-3.620703,40.425338],[-3.620269,40.424756],[-3.626471,40.422108],[-3.628152,40.424501],[-3.625599,40.426438],[-3.625149,40.425759],[-3.624646,40.425979],[-3.624117,40.426377],[-3.622728,40.427889],[-3.620308,40.429046],[-3.615521,40.429547],[-3.614964,40.428009],[-3.615023,40.427995],[-3.615166,40.427949]]]},"properties":{"distrito_codigo":"20","distrito_nombre":"San Blas-Canillejas","barrio_codigo":"203","barrio_nombre":"Amposta"}},{"type":"Feature","geometry":{"type":"Polygon","coordinates":[[[-3.611137,40.427554],[-3.611501,40.425485],[-3.610789,40.418026],[-3.617211,40.415722],[-3.618295,40.415235],[-3.619165,40.414622],[-3.619771,40.414025],[-3.620422,40.413012],[-3.621038,40.414519],[-3.622874,40.417138],[-3.623714,40.418109],[-3.624704,40.419474],[-3.626471,40.422108],[-3.620269,40.424756],[-3.620703,40.425338],[-3.617819,40.426957],[-3.615381,40.42788],[-3.614849,40.428022],[-3.613234,40.427989],[-3.612411,40.427479],[-3.611254,40.428517],[-3.6109,40.429026],[-3.611124,40.427643],[-3.611137,40.427554]]]},"properties":{"distrito_codigo":"20","distrito_nombre":"San Blas-Canillejas","barrio_codigo":"204","barrio_nombre":"Arcos"}},{"type":"Feature","geometry":{"type":"Polygon","coordinates":[[[-3.571979,40.438496],[-3.564036,40.438072],[-3.566233,40.437445],[-3.568459,40.436222],[-3.573713,40.437683],[-3.575856,40.436753],[-3.575167,40.43503],[-3.57502,40.434113],[-3.579034,40.433635],[-3.579048,40.433168],[-3.577175,40.430527],[-3.576885,40.429846],[-3.576237,40.429691],[-3.576436,40.42872],[-3.577217,40.426527],[-3.577463,40.426575],[-3.577809,40.425609],[-3.579067,40.42412],[-3.580543,40.422053],[-3.582593,40.418762],[-3.582831,40.417984],[-3.582964,40.416028],[-3.583271,40.415244],[-3.583786,40.414354],[-3.587941,40.409572],[-3.588274,40.409059],[-3.588565,40.408341],[-3.592593,40.409637],[-3.596774,40.410687],[-3.601614,40.411595],[-3.607239,40.412387],[-3.609453,40.412865],[-3.609345,40.413187],[-3.60948,40.413504],[-3.609832,40.413722],[-3.610265,40.413756],[-3.610242,40.414433],[-3.610789,40.418026],[-3.611501,40.425485],[-3.610883,40.428763],[-3.610898,40.429183],[-3.612166,40.434811],[-3.609494,40.435277],[-3.606799,40.436591],[-3.605621,40.436965],[-3.605233,40.436273],[-3.604842,40.436499],[-3.604293,40.437022],[-3.6026,40.439095],[-3.602282,40.439689],[-3.602157,40.44019],[-3.602195,40.440859],[-3.602325,40.44125],[-3.605486,40.446982],[-3.605503,40.447251],[-3.605107,40.447731],[-3.605073,40.448005],[-3.605623,40.449389],[-3.605593,40.449637],[-3.603276,40.449816],[-3.603106,40.448952],[-3.602794,40.448182],[-3.60238,40.447579],[-3.601821,40.447017],[-3.60064,40.446133],[-3.596306,40.443437],[-3.595183,40.442931],[-3.593993,40.442656],[-3.585428,40.441912],[-3.579869,40.441311],[-3.577926,40.440496],[-3.576085,40.439368],[-3.57518,40.438939],[-3.573998,40.43864],[-3.572149,40.438504],[-3.571979,40.438496]]]},"properties":{"distrito_codigo":"20","distrito_nombre":"San Blas-Canillejas","barrio_codigo":"205","barrio_nombre":"Rosas"}},{"type":"Feature","geometry":{"type":"Polygon","coordinates":[[[-3.585316,40.44987],[-3.579267,40.449864],[-3.557594,40.449408],[-3.554022,40.449125],[-3.538371,40.447356],[-3.537226,40.447188],[-3.534133,40.44645],[-3.533146,40.44648],[-3.531138,40.446969],[-3.531059,40.446884],[-3.531195,40.446828],[-3.533745,40.446263],[-3.53506,40.446375],[-3.535407,40.44649],[-3.534902,40.444968],[-3.535496,40.444719],[-3.538305,40.445014],[-3.537885,40.444323],[-3.540648,40.444707],[-3.541266,40.443638],[-3.545121,40.442627],[-3.550332,40.441991],[-3.551682,40.441701],[-3.553066,40.441269],[-3.558656,40.438698],[-3.559015,40.438457],[-3.560982,40.437969],[-3.562775,40.437953],[-3.574074,40.438651],[-3.575415,40.439037],[-3.577926,40.440496],[-3.579869,40.441311],[-3.585428,40.441912],[-3.593993,40.442656],[-3.595119,40.44291],[-3.596095,40.443317],[-3.60064,40.446133],[-3.601888,40.447075],[-3.60245,40.447667],[-3.602869,40.448328],[-3.603106,40.448952],[-3.603276,40.449816],[-3.600211,40.450129],[-3.585542,40.449871],[-3.585316,40.44987]]]},"properties":{"distrito_codigo":"20","distrito_nombre":"San Blas-Canillejas","barrio_codigo":"206","barrio_nombre":"Rejas"}},{"type":"Feature","geometry":{"type":"Polygon","coordinates":[[[-3.608477,40.4496],[-3.605593,40.449637],[-3.605623,40.449389],[-3.605073,40.448005],[-3.605107,40.447731],[-3.605503,40.447251],[-3.605486,40.446982],[-3.602325,40.44125],[-3.602154,40.440494],[-3.602204,40.439978],[-3.602438,40.439363],[-3.603104,40.438474],[-3.604554,40.436743],[-3.605233,40.436273],[-3.605621,40.436965],[-3.606799,40.436591],[-3.609494,40.435277],[-3.612166,40.434811],[-3.612388,40.435766],[-3.616842,40.443689],[-3.616106,40.44411],[-3.616162,40.444236],[-3.616739,40.444682],[-3.617917,40.445054],[-3.618365,40.446199],[-3.619091,40.44692],[-3.619442,40.447799],[-3.619624,40.448787],[-3.619607,40.449665],[-3.609206,40.449608],[-3.608477,40.4496]]]},"properties":{"distrito_codigo":"20","distrito_nombre":"San Blas-Canillejas","barrio_codigo":"207","barrio_nombre":"Canillejas"}},{"type":"Feature","geometry":{"type":"Polygon","coordinates":[[[-3.637369,40.448524],[-3.635841,40.448589],[-3.630397,40.449355],[-3.619607,40.449665],[-3.619624,40.448787],[-3.619442,40.447799],[-3.619091,40.44692],[-3.618365,40.446199],[-3.617917,40.445054],[-3.617246,40.444898],[-3.616541,40.444586],[-3.616106,40.44411],[-3.616842,40.443689],[-3.620722,40.442552],[-3.635343,40.438583],[-3.638832,40.443384],[-3.639385,40.444014],[-3.640621,40.444928],[-3.643859,40.446435],[-3.646271,40.447677],[-3.647232,40.448612],[-3.647392,40.448627],[-3.647912,40.449398],[-3.646883,40.449712],[-3.645815,40.449771],[-3.637701,40.44854],[-3.637369,40.448524]]]},"properties":{"distrito_codigo":"20","distrito_nombre":"San Blas-Canillejas","barrio_codigo":"208","barrio_nombre":"El Salvador"}},{"type":"Feature","geometry":{"type":"Polygon","coordinates":[[[-3.582599,40.464008],[-3.580729,40.462238],[-3.580381,40.462471],[-3.577721,40.460575],[-3.583927,40.4554],[-3.584047,40.455487],[-3.585589,40.454221],[-3.588647,40.451389],[-3.589565,40.450838],[-3.590208,40.450566],[-3.591895,40.450191],[-3.593781,40.450107],[-3.596963,40.45018],[-3.596978,40.450067],[-3.600211,40.450129],[-3.603276,40.449816],[-3.603757,40.452108],[-3.604004,40.452632],[-3.604541,40.453362],[-3.604325,40.453734],[-3.600541,40.457065],[-3.597207,40.458694],[-3.588659,40.462521],[-3.584439,40.465388],[-3.583409,40.464785],[-3.582894,40.464293],[-3.582599,40.464008]]]},"properties":{"distrito_codigo":"21","distrito_nombre":"Barajas","barrio_codigo":"211","barrio_nombre":"Alameda de Osuna"}},{"type":"Feature","geometry":{"type":"Polygon","coordinates":[[[-3.561666,40.511167],[-3.561579,40.510696],[-3.558294,40.511266],[-3.55417,40.511346],[-3.55504,40.508577],[-3.554858,40.505469],[-3.555124,40.503164],[-3.553316,40.50247],[-3.553516,40.501958],[-3.553216,40.500003],[-3.552856,40.499462],[-3.552319,40.499017],[-3.551005,40.498185],[-3.550148,40.497785],[-3.546767,40.496733],[-3.545457,40.496131],[-3.544075,40.495688],[-3.541689,40.494098],[-3.541614,40.493814],[-3.541703,40.492778],[-3.541584,40.492309],[-3.541172,40.491612],[-3.541129,40.490158],[-3.5409,40.488598],[-3.540736,40.488431],[-3.53992,40.488172],[-3.537461,40.486931],[-3.536858,40.486446],[-3.536832,40.486196],[-3.537153,40.485177],[-3.537194,40.484403],[-3.53674,40.483547],[-3.535718,40.482243],[-3.535019,40.480679],[-3.534794,40.479941],[-3.534753,40.479692],[-3.534844,40.479307],[-3.534655,40.478742],[-3.534698,40.478122],[-3.534487,40.476956],[-3.534256,40.472964],[-3.534092,40.472411],[-3.533859,40.472012],[-3.533351,40.471627],[-3.532789,40.471433],[-3.530751,40.471293],[-3.528446,40.470706],[-3.526862,40.470436],[-3.525705,40.469854],[-3.525117,40.469422],[-3.524882,40.469125],[-3.524875,40.468205],[-3.5251,40.46749],[-3.526246,40.466151],[-3.527703,40.464832],[-3.5286,40.4636],[-3.528873,40.462972],[-3.529465,40.460751],[-3.529416,40.460065],[-3.528938,40.458388],[-3.526935,40.456691],[-3.526472,40.455987],[-3.526367,40.455665],[-3.5264,40.455385],[-3.526645,40.455058],[-3.527104,40.454781],[-3.528355,40.454417],[-3.529806,40.454346],[-3.530312,40.454429],[-3.531063,40.454737],[-3.532067,40.454673],[-3.53257,40.454439],[-3.533074,40.454045],[-3.533912,40.453164],[-3.534464,40.45241],[-3.534352,40.451818],[-3.533357,40.450586],[-3.532704,40.449207],[-3.532068,40.448122],[-3.531138,40.446969],[-3.533146,40.44648],[-3.534133,40.44645],[-3.537226,40.447188],[-3.538371,40.447356],[-3.554022,40.449125],[-3.557594,40.449408],[-3.579267,40.449864],[-3.588314,40.449901],[-3.596978,40.450067],[-3.596963,40.45018],[-3.593781,40.450107],[-3.591895,40.450191],[-3.590609,40.450432],[-3.589285,40.450986],[-3.588341,40.451631],[-3.585589,40.454221],[-3.584047,40.455487],[-3.583927,40.4554],[-3.577721,40.460575],[-3.580381,40.462471],[-3.580729,40.462238],[-3.583374,40.464756],[-3.584439,40.465388],[-3.58291,40.466481],[-3.582182,40.467576],[-3.581885,40.467272],[-3.581701,40.467484],[-3.581628,40.467794],[-3.581306,40.46741],[-3.580603,40.467744],[-3.580146,40.468217],[-3.579097,40.469881],[-3.576855,40.471677],[-3.575959,40.47134],[-3.574747,40.471596],[-3.574695,40.471963],[-3.574387,40.471936],[-3.57407,40.473648],[-3.574224,40.47462],[-3.574877,40.47571],[-3.576678,40.477342],[-3.57845,40.47921],[-3.57833,40.479925],[-3.578617,40.481475],[-3.578974,40.481984],[-3.579394,40.482135],[-3.579603,40.482482],[-3.579487,40.482717],[-3.579254,40.482831],[-3.57945,40.483513],[-3.579748,40.484061],[-3.580148,40.484107],[-3.580947,40.481336],[-3.58465,40.484666],[-3.585267,40.486576],[-3.585224,40.488132],[-3.584445,40.489649],[-3.583997,40.490213],[-3.58158,40.4923],[-3.578475,40.493353],[-3.579914,40.496069],[-3.579596,40.498578],[-3.579999,40.499311],[-3.579837,40.500219],[-3.58064,40.505845],[-3.581576,40.50727],[-3.582928,40.508358],[-3.577862,40.51038],[-3.575791,40.510423],[-3.571959,40.512414],[-3.564907,40.512066],[-3.561666,40.511167]]]},"properties":{"distrito_codigo":"21","distrito_nombre":"Barajas","barrio_codigo":"212","barrio_nombre":"Aeropuerto"}},{"type":"Feature","geometry":{"type":"Polygon","coordinates":[[[-3.57845,40.47921],[-3.576678,40.477342],[-3.574877,40.47571],[-3.574421,40.475019],[-3.57415,40.47439],[-3.574066,40.473872],[-3.574135,40.473201],[-3.574387,40.471936],[-3.574695,40.471963],[-3.574747,40.471596],[-3.575959,40.47134],[-3.576855,40.471677],[-3.579097,40.469881],[-3.580146,40.468217],[-3.580603,40.467744],[-3.581306,40.46741],[-3.581628,40.467794],[-3.581701,40.467484],[-3.581885,40.467272],[-3.582182,40.467576],[-3.581221,40.469353],[-3.581312,40.469579],[-3.581348,40.470795],[-3.58223,40.474583],[-3.58227,40.475503],[-3.581189,40.478641],[-3.581195,40.478837],[-3.580985,40.479044],[-3.58054,40.479095],[-3.580485,40.479195],[-3.580513,40.480143],[-3.580986,40.480948],[-3.580935,40.481461],[-3.580312,40.483611],[-3.580148,40.484107],[-3.579748,40.484061],[-3.57945,40.483513],[-3.579254,40.482831],[-3.579487,40.482717],[-3.579603,40.482482],[-3.579394,40.482135],[-3.578974,40.481984],[-3.578617,40.481475],[-3.57833,40.479925],[-3.57845,40.47921]]]},"properties":{"distrito_codigo":"21","distrito_nombre":"Barajas","barrio_codigo":"213","barrio_nombre":"Casco Histórico de Barajas"}},{"type":"Feature","geometry":{"type":"Polygon","coordinates":[[[-3.58064,40.505845],[-3.579837,40.500219],[-3.579999,40.499311],[-3.579596,40.498578],[-3.579914,40.496069],[-3.578475,40.493353],[-3.58158,40.4923],[-3.583997,40.490213],[-3.584445,40.489649],[-3.585224,40.488132],[-3.585267,40.486576],[-3.58465,40.484666],[-3.580947,40.481336],[-3.580986,40.480948],[-3.580513,40.480143],[-3.580485,40.479195],[-3.58054,40.479095],[-3.580985,40.479044],[-3.581195,40.478837],[-3.581189,40.478641],[-3.58227,40.475503],[-3.58223,40.474583],[-3.581348,40.470795],[-3.581312,40.469579],[-3.581221,40.469353],[-3.582182,40.467576],[-3.583455,40.468237],[-3.584676,40.468503],[-3.594745,40.468795],[-3.597808,40.469109],[-3.60086,40.469702],[-3.606184,40.471358],[-3.608009,40.471704],[-3.609666,40.471844],[-3.622809,40.472318],[-3.625309,40.472705],[-3.625197,40.47304],[-3.625621,40.473161],[-3.626438,40.474814],[-3.626079,40.47517],[-3.626073,40.475337],[-3.625726,40.475427],[-3.62582,40.476137],[-3.625626,40.476328],[-3.625805,40.47653],[-3.625631,40.476973],[-3.625613,40.481645],[-3.625155,40.48184],[-3.624957,40.482198],[-3.618893,40.48216],[-3.618882,40.482467],[-3.618661,40.482735],[-3.618139,40.482888],[-3.617615,40.482728],[-3.616616,40.483751],[-3.617525,40.484395],[-3.617617,40.48456],[-3.617583,40.484753],[-3.612135,40.490615],[-3.611974,40.491294],[-3.612261,40.49219],[-3.612683,40.492507],[-3.613406,40.492833],[-3.614127,40.49294],[-3.614109,40.494105],[-3.612899,40.493933],[-3.612325,40.495379],[-3.612336,40.499721],[-3.609407,40.500769],[-3.608867,40.500751],[-3.608747,40.500924],[-3.608497,40.500986],[-3.608544,40.50162],[-3.608672,40.501812],[-3.609358,40.502127],[-3.605292,40.503661],[-3.603259,40.501772],[-3.60231,40.501287],[-3.602139,40.501291],[-3.601989,40.501492],[-3.601575,40.50147],[-3.601235,40.501728],[-3.600697,40.501661],[-3.6001,40.501803],[-3.599728,40.501646],[-3.59933,40.50171],[-3.59877,40.501433],[-3.597813,40.501252],[-3.596229,40.501198],[-3.595571,40.501336],[-3.59475,40.501183],[-3.594215,40.501243],[-3.593799,40.501457],[-3.593232,40.501424],[-3.589031,40.504525],[-3.586741,40.505389],[-3.584627,40.50673],[-3.582928,40.508358],[-3.581576,40.50727],[-3.581216,40.506814],[-3.58064,40.505845]]]},"properties":{"distrito_codigo":"21","distrito_nombre":"Barajas","barrio_codigo":"214","barrio_nombre":"Timón"}},{"type":"Feature","geometry":{"type":"Polygon","coordinates":[[[-3.586575,40.46391],[-3.588659,40.462521],[-3.600195,40.457285],[-3.601512,40.456249],[-3.604325,40.453734],[-3.604541,40.453362],[-3.60538,40.45275],[-3.60612,40.453223],[-3.607093,40.453641],[-3.612087,40.455273],[-3.612049,40.455395],[-3.613341,40.456019],[-3.62038,40.459968],[-3.621638,40.460915],[-3.62318,40.462591],[-3.623333,40.462508],[-3.627999,40.468473],[-3.624577,40.468709],[-3.624409,40.468928],[-3.624553,40.469251],[-3.624585,40.469957],[-3.624313,40.470998],[-3.623917,40.471629],[-3.624071,40.471817],[-3.624021,40.471969],[-3.62386,40.472066],[-3.623999,40.47245],[-3.618831,40.472117],[-3.608484,40.471755],[-3.606184,40.471358],[-3.60086,40.469702],[-3.597308,40.469038],[-3.594745,40.468795],[-3.585254,40.468533],[-3.584042,40.468405],[-3.583085,40.468083],[-3.582182,40.467576],[-3.582657,40.466772],[-3.582991,40.466405],[-3.586448,40.463998],[-3.586575,40.46391]]]},"properties":{"distrito_codigo":"21","distrito_nombre":"Barajas","barrio_codigo":"215","barrio_nombre":"Corralejos"}}]}